날짜,스트레스,날짜,탈모
2016-07-14,3.81062,2016-07-14,8.12163
2016-07-15,3.31023,2016-07-15,5.81216
2016-07-16,3.54118,2016-07-16,7.50577
2016-07-17,2.77136,2016-07-17,8.62201
2016-07-18,4.34949,2016-07-18,7.3903
2016-07-19,4.34949,2016-07-19,7.50577
2016-07-20,4.7729,2016-07-20,6.35103
2016-07-21,4.34949,2016-07-21,7.15935
2016-07-22,3.73364,2016-07-22,5.96612
2016-07-23,3.0408,2016-07-23,5.11932
2016-07-24,3.0023,2016-07-24,7.00538
2016-07-25,3.31023,2016-07-25,7.46728
2016-07-26,3.57967,2016-07-26,7.77521
2016-07-27,3.34872,2016-07-27,7.65973
2016-07-28,3.4642,2016-07-28,6.0816
2016-07-29,3.27174,2016-07-29,7.00538
2016-07-30,2.84834,2016-07-30,6.54349
2016-07-31,3.27174,2016-07-31,7.08237
2016-08-01,3.34872,2016-08-01,6.9284
2016-08-02,3.65665,2016-08-02,8.54503
2016-08-03,3.0023,2016-08-03,7.89068
2016-08-04,3.73364,2016-08-04,8.62201
2016-08-05,3.57967,2016-08-05,5.42725
2016-08-06,2.73287,2016-08-06,5.92763
2016-08-07,3.0408,2016-08-07,6.0816
2016-08-08,3.65665,2016-08-08,8.2371
2016-08-09,3.31023,2016-08-09,10.77752
2016-08-10,4.311,2016-08-10,9.19938
2016-08-11,3.4642,2016-08-11,7.62124
2016-08-12,4.34949,2016-08-12,5.54272
2016-08-13,2.73287,2016-08-13,6.27405
2016-08-14,2.65588,2016-08-14,6.88991
2016-08-15,2.46343,2016-08-15,6.35103
2016-08-16,3.0408,2016-08-16,11.23941
2016-08-17,3.54118,2016-08-17,8.16012
2016-08-18,4.04157,2016-08-18,6.96689
2016-08-19,4.84988,2016-08-19,6.85142
2016-08-20,2.65588,2016-08-20,6.88991
2016-08-21,2.77136,2016-08-21,10.04618
2016-08-22,3.19476,2016-08-22,11.85527
2016-08-23,4.15704,2016-08-23,12.27867
2016-08-24,4.65742,2016-08-24,10.16166
2016-08-25,3.65665,2016-08-25,9.19938
2016-08-26,3.81062,2016-08-26,7.89068
2016-08-27,3.57967,2016-08-27,6.19707
2016-08-28,3.84911,2016-08-28,7.69822
2016-08-29,4.73441,2016-08-29,7.89068
2016-08-30,5.88914,2016-08-30,9.93071
2016-08-31,6.42802,2016-08-31,8.35257
2016-09-01,5.58121,2016-09-01,9.16089
2016-09-02,5.00384,2016-09-02,7.89068
2016-09-03,5.81216,2016-09-03,7.27482
2016-09-04,3.73364,2016-09-04,8.54503
2016-09-05,5.46574,2016-09-05,8.16012
2016-09-06,5.1963,2016-09-06,8.58352
2016-09-07,5.65819,2016-09-07,8.08314
2016-09-08,4.84988,2016-09-08,7.73672
2016-09-09,5.58121,2016-09-09,7.27482
2016-09-10,3.4642,2016-09-10,7.12086
2016-09-11,4.96535,2016-09-11,6.62047
2016-09-12,3.69515,2016-09-12,8.6605
2016-09-13,3.50269,2016-09-13,6.65896
2016-09-14,3.4642,2016-09-14,5.42725
2016-09-15,2.65588,2016-09-15,6.19707
2016-09-16,2.96381,2016-09-16,6.54349
2016-09-17,4.15704,2016-09-17,6.77444
2016-09-18,4.65742,2016-09-18,9.39183
2016-09-19,4.92686,2016-09-19,8.54503
2016-09-20,5.27328,2016-09-20,9.39183
2016-09-21,5.15781,2016-09-21,7.96766
2016-09-22,5.08083,2016-09-22,7.62124
2016-09-23,4.61893,2016-09-23,9.31485
2016-09-24,4.61893,2016-09-24,6.73595
2016-09-25,4.15704,2016-09-25,7.12086
2016-09-26,4.65742,2016-09-26,6.65896
2016-09-27,5.04234,2016-09-27,8.27559
2016-09-28,5.58121,2016-09-28,8.35257
2016-09-29,5.11932,2016-09-29,7.27482
2016-09-30,5.00384,2016-09-30,8.35257
2016-10-01,3.8876,2016-10-01,7.42879
2016-10-02,3.96458,2016-10-02,6.62047
2016-10-03,5.27328,2016-10-03,8.50654
2016-10-04,5.73518,2016-10-04,9.66127
2016-10-05,4.23402,2016-10-05,7.77521
2016-10-06,4.08006,2016-10-06,9.19938
2016-10-07,3.96458,2016-10-07,7.15935
2016-10-08,3.8876,2016-10-08,9.08391
2016-10-09,3.81062,2016-10-09,11.50885
2016-10-10,4.54195,2016-10-10,8.89145
2016-10-11,5.27328,2016-10-11,6.88991
2016-10-12,4.96535,2016-10-12,6.88991
2016-10-13,4.96535,2016-10-13,6.69745
2016-10-14,4.19553,2016-10-14,7.92917
2016-10-15,3.42571,2016-10-15,6.505
2016-10-16,4.19553,2016-10-16,8.16012
2016-10-17,4.61893,2016-10-17,8.08314
2016-10-18,4.34949,2016-10-18,8.39107
2016-10-19,5.65819,2016-10-19,8.08314
2016-10-20,5.46574,2016-10-20,8.69899
2016-10-21,4.61893,2016-10-21,7.19784
2016-10-22,3.69515,2016-10-22,8.2371
2016-10-23,5.00384,2016-10-23,9.19938
2016-10-24,4.92686,2016-10-24,9.66127
2016-10-25,4.50346,2016-10-25,7.65973
2016-10-26,6.31254,2016-10-26,6.35103
2016-10-27,4.11855,2016-10-27,7.23633
2016-10-28,4.65742,2016-10-28,7.58275
2016-10-29,3.4642,2016-10-29,8.04464
2016-10-30,3.50269,2016-10-30,7.69822
2016-10-31,4.23402,2016-10-31,7.3903
2016-11-01,3.81062,2016-11-01,7.12086
2016-11-02,4.84988,2016-11-02,7.04387
2016-11-03,5.35026,2016-11-03,6.12009
2016-11-04,4.69591,2016-11-04,6.0816
2016-11-05,3.23325,2016-11-05,6.46651
2016-11-06,3.73364,2016-11-06,7.77521
2016-11-07,4.92686,2016-11-07,7.8137
2016-11-08,5.11932,2016-11-08,7.42879
2016-11-09,5.00384,2016-11-09,5.65819
2016-11-10,4.54195,2016-11-10,7.00538
2016-11-11,3.69515,2016-11-11,8.42956
2016-11-12,3.57967,2016-11-12,5.81216
2016-11-13,4.46497,2016-11-13,5.31177
2016-11-14,5.58121,2016-11-14,8.54503
2016-11-15,3.8876,2016-11-15,15.81986
2016-11-16,5.58121,2016-11-16,9.16089
2016-11-17,4.50346,2016-11-17,10.20015
2016-11-18,3.73364,2016-11-18,9.93071
2016-11-19,3.54118,2016-11-19,6.77444
2016-11-20,3.77213,2016-11-20,8.19861
2016-11-21,4.00307,2016-11-21,8.39107
2016-11-22,4.50346,2016-11-22,8.77598
2016-11-23,4.7729,2016-11-23,7.8137
2016-11-24,4.15704,2016-11-24,8.12163
2016-11-25,3.38722,2016-11-25,7.42879
2016-11-26,3.77213,2016-11-26,6.65896
2016-11-27,3.61816,2016-11-27,7.27482
2016-11-28,4.04157,2016-11-28,9.1224
2016-11-29,4.69591,2016-11-29,7.46728
2016-11-30,5.42725,2016-11-30,8.00615
2016-12-01,3.69515,2016-12-01,6.85142
2016-12-02,4.46497,2016-12-02,6.12009
2016-12-03,3.0408,2016-12-03,7.3518
2016-12-04,4.19553,2016-12-04,5.92763
2016-12-05,3.31023,2016-12-05,8.31408
2016-12-06,3.38722,2016-12-06,7.04387
2016-12-07,4.27251,2016-12-07,6.46651
2016-12-08,3.50269,2016-12-08,5.58121
2016-12-09,2.80985,2016-12-09,5.73518
2016-12-10,2.30946,2016-12-10,4.96535
2016-12-11,3.57967,2016-12-11,8.58352
2016-12-12,4.54195,2016-12-12,7.50577
2016-12-13,4.23402,2016-12-13,7.12086
2016-12-14,4.27251,2016-12-14,6.23556
2016-12-15,3.96458,2016-12-15,5.54272
2016-12-16,3.23325,2016-12-16,4.61893
2016-12-17,2.88683,2016-12-17,5.54272
2016-12-18,3.8876,2016-12-18,6.9284
2016-12-19,4.54195,2016-12-19,6.31254
2016-12-20,3.34872,2016-12-20,6.46651
2016-12-21,3.23325,2016-12-21,4.7729
2016-12-22,3.23325,2016-12-22,5.23479
2016-12-23,3.07929,2016-12-23,3.4642
2016-12-24,2.00153,2016-12-24,4.58044
2016-12-25,2.92532,2016-12-25,4.84988
2016-12-26,3.42571,2016-12-26,6.9284
2016-12-27,4.04157,2016-12-27,5.00384
2016-12-28,3.27174,2016-12-28,6.62047
2016-12-29,4.08006,2016-12-29,4.92686
2016-12-30,2.42494,2016-12-30,4.15704
2016-12-31,2.30946,2016-12-31,4.65742
2017-01-01,2.11701,2017-01-01,5.6197
2017-01-02,3.92609,2017-01-02,5.50423
2017-01-03,4.27251,2017-01-03,6.12009
2017-01-04,3.84911,2017-01-04,6.15858
2017-01-05,3.8876,2017-01-05,6.42802
2017-01-06,4.38799,2017-01-06,6.00461
2017-01-07,3.50269,2017-01-07,5.23479
2017-01-08,4.04157,2017-01-08,6.04311
2017-01-09,3.61816,2017-01-09,5.88914
2017-01-10,3.96458,2017-01-10,6.505
2017-01-11,3.84911,2017-01-11,6.54349
2017-01-12,3.73364,2017-01-12,7.00538
2017-01-13,3.69515,2017-01-13,7.8137
2017-01-14,3.11778,2017-01-14,6.19707
2017-01-15,2.88683,2017-01-15,6.77444
2017-01-16,3.65665,2017-01-16,5.88914
2017-01-17,4.46497,2017-01-17,6.62047
2017-01-18,3.15627,2017-01-18,5.15781
2017-01-19,4.08006,2017-01-19,5.54272
2017-01-20,3.81062,2017-01-20,4.7729
2017-01-21,3.34872,2017-01-21,4.88837
2017-01-22,2.38645,2017-01-22,6.35103
2017-01-23,4.00307,2017-01-23,6.19707
2017-01-24,3.61816,2017-01-24,5.96612
2017-01-25,4.311,2017-01-25,5.73518
2017-01-26,3.65665,2017-01-26,3.84911
2017-01-27,2.77136,2017-01-27,4.50346
2017-01-28,2.23248,2017-01-28,4.34949
2017-01-29,2.96381,2017-01-29,5.46574
2017-01-30,3.27174,2017-01-30,5.54272
2017-01-31,4.38799,2017-01-31,6.12009
2017-02-01,4.65742,2017-02-01,5.77367
2017-02-02,4.54195,2017-02-02,6.38953
2017-02-03,4.19553,2017-02-03,6.04311
2017-02-04,3.31023,2017-02-04,6.15858
2017-02-05,3.61816,2017-02-05,6.505
2017-02-06,4.11855,2017-02-06,6.46651
2017-02-07,4.11855,2017-02-07,5.69668
2017-02-08,4.15704,2017-02-08,6.81293
2017-02-09,3.65665,2017-02-09,6.04311
2017-02-10,3.81062,2017-02-10,5.35026
2017-02-11,3.61816,2017-02-11,5.35026
2017-02-12,3.4642,2017-02-12,5.11932
2017-02-13,4.7729,2017-02-13,8.12163
2017-02-14,4.27251,2017-02-14,8.08314
2017-02-15,4.58044,2017-02-15,7.08237
2017-02-16,4.54195,2017-02-16,7.27482
2017-02-17,4.50346,2017-02-17,8.58352
2017-02-18,3.31023,2017-02-18,6.65896
2017-02-19,3.42571,2017-02-19,6.27405
2017-02-20,4.96535,2017-02-20,6.73595
2017-02-21,4.11855,2017-02-21,7.27482
2017-02-22,5.04234,2017-02-22,7.23633
2017-02-23,4.04157,2017-02-23,9.31485
2017-02-24,3.84911,2017-02-24,6.73595
2017-02-25,3.69515,2017-02-25,6.505
2017-02-26,3.73364,2017-02-26,6.04311
2017-02-27,4.19553,2017-02-27,6.77444
2017-02-28,3.96458,2017-02-28,6.23556
2017-03-01,3.96458,2017-03-01,5.88914
2017-03-02,5.27328,2017-03-02,6.23556
2017-03-03,4.58044,2017-03-03,4.54195
2017-03-04,3.8876,2017-03-04,3.61816
2017-03-05,3.38722,2017-03-05,5.85065
2017-03-06,4.50346,2017-03-06,6.58198
2017-03-07,3.8876,2017-03-07,7.00538
2017-03-08,3.54118,2017-03-08,5.38876
2017-03-09,6.0816,2017-03-09,6.46651
2017-03-10,4.50346,2017-03-10,4.73441
2017-03-11,4.61893,2017-03-11,4.311
2017-03-12,4.50346,2017-03-12,4.96535
2017-03-13,4.27251,2017-03-13,6.04311
2017-03-14,3.84911,2017-03-14,6.0816
2017-03-15,5.08083,2017-03-15,5.81216
2017-03-16,4.34949,2017-03-16,6.42802
2017-03-17,3.50269,2017-03-17,5.69668
2017-03-18,4.19553,2017-03-18,5.15781
2017-03-19,3.15627,2017-03-19,5.46574
2017-03-20,5.15781,2017-03-20,5.69668
2017-03-21,4.81139,2017-03-21,4.81139
2017-03-22,5.46574,2017-03-22,5.73518
2017-03-23,4.88837,2017-03-23,5.88914
2017-03-24,3.77213,2017-03-24,5.27328
2017-03-25,3.23325,2017-03-25,4.46497
2017-03-26,5.00384,2017-03-26,5.81216
2017-03-27,4.88837,2017-03-27,5.50423
2017-03-28,5.08083,2017-03-28,5.81216
2017-03-29,6.46651,2017-03-29,6.23556
2017-03-30,4.61893,2017-03-30,5.73518
2017-03-31,4.84988,2017-03-31,4.42648
2017-04-01,2.96381,2017-04-01,5.38876
2017-04-02,4.311,2017-04-02,5.96612
2017-04-03,4.65742,2017-04-03,6.31254
2017-04-04,5.11932,2017-04-04,4.92686
2017-04-05,4.96535,2017-04-05,4.46497
2017-04-06,4.58044,2017-04-06,5.38876
2017-04-07,4.38799,2017-04-07,6.19707
2017-04-08,3.23325,2017-04-08,5.08083
2017-04-09,4.34949,2017-04-09,5.42725
2017-04-10,4.65742,2017-04-10,5.15781
2017-04-11,4.92686,2017-04-11,5.46574
2017-04-12,4.61893,2017-04-12,6.69745
2017-04-13,5.38876,2017-04-13,6.35103
2017-04-14,4.7729,2017-04-14,4.88837
2017-04-15,3.34872,2017-04-15,5.00384
2017-04-16,3.73364,2017-04-16,4.73441
2017-04-17,5.27328,2017-04-17,6.0816
2017-04-18,6.35103,2017-04-18,4.92686
2017-04-19,5.77367,2017-04-19,5.73518
2017-04-20,5.38876,2017-04-20,6.35103
2017-04-21,4.96535,2017-04-21,5.6197
2017-04-22,3.84911,2017-04-22,4.42648
2017-04-23,4.19553,2017-04-23,4.23402
2017-04-24,4.65742,2017-04-24,6.31254
2017-04-25,5.58121,2017-04-25,5.35026
2017-04-26,4.81139,2017-04-26,6.31254
2017-04-27,4.69591,2017-04-27,6.42802
2017-04-28,3.42571,2017-04-28,5.08083
2017-04-29,4.50346,2017-04-29,4.7729
2017-04-30,2.92532,2017-04-30,5.54272
2017-05-01,4.73441,2017-05-01,6.00461
2017-05-02,4.38799,2017-05-02,4.81139
2017-05-03,3.15627,2017-05-03,3.69515
2017-05-04,4.23402,2017-05-04,4.88837
2017-05-05,2.88683,2017-05-05,4.27251
2017-05-06,2.84834,2017-05-06,5.6197
2017-05-07,4.58044,2017-05-07,6.58198
2017-05-08,3.96458,2017-05-08,8.73749
2017-05-09,3.50269,2017-05-09,8.96843
2017-05-10,4.69591,2017-05-10,7.3903
2017-05-11,4.34949,2017-05-11,5.46574
2017-05-12,4.311,2017-05-12,6.96689
2017-05-13,2.92532,2017-05-13,7.50577
2017-05-14,4.04157,2017-05-14,7.19784
2017-05-15,5.00384,2017-05-15,6.27405
2017-05-16,5.35026,2017-05-16,7.54426
2017-05-17,4.7729,2017-05-17,7.3518
2017-05-18,5.38876,2017-05-18,5.08083
2017-05-19,4.50346,2017-05-19,5.85065
2017-05-20,4.42648,2017-05-20,5.35026
2017-05-21,3.65665,2017-05-21,5.81216
2017-05-22,5.31177,2017-05-22,6.31254
2017-05-23,4.65742,2017-05-23,7.42879
2017-05-24,5.54272,2017-05-24,6.65896
2017-05-25,4.54195,2017-05-25,5.81216
2017-05-26,4.19553,2017-05-26,7.42879
2017-05-27,3.69515,2017-05-27,6.88991
2017-05-28,4.23402,2017-05-28,7.58275
2017-05-29,6.00461,2017-05-29,7.85219
2017-05-30,4.58044,2017-05-30,6.85142
2017-05-31,5.6197,2017-05-31,7.50577
2017-06-01,5.23479,2017-06-01,6.505
2017-06-02,4.54195,2017-06-02,4.73441
2017-06-03,3.50269,2017-06-03,4.73441
2017-06-04,4.15704,2017-06-04,6.35103
2017-06-05,4.23402,2017-06-05,4.73441
2017-06-06,5.15781,2017-06-06,5.1963
2017-06-07,5.85065,2017-06-07,6.15858
2017-06-08,4.7729,2017-06-08,5.65819
2017-06-09,4.54195,2017-06-09,7.23633
2017-06-10,4.23402,2017-06-10,5.1963
2017-06-11,4.27251,2017-06-11,6.505
2017-06-12,4.7729,2017-06-12,6.42802
2017-06-13,4.69591,2017-06-13,6.69745
2017-06-14,5.38876,2017-06-14,6.31254
2017-06-15,5.11932,2017-06-15,6.12009
2017-06-16,4.58044,2017-06-16,5.1963
2017-06-17,4.04157,2017-06-17,5.81216
2017-06-18,3.61816,2017-06-18,6.505
2017-06-19,5.08083,2017-06-19,6.81293
2017-06-20,5.15781,2017-06-20,6.31254
2017-06-21,5.1963,2017-06-21,6.65896
2017-06-22,3.92609,2017-06-22,5.31177
2017-06-23,3.4642,2017-06-23,6.505
2017-06-24,3.57967,2017-06-24,5.69668
2017-06-25,3.96458,2017-06-25,6.69745
2017-06-26,5.00384,2017-06-26,6.04311
2017-06-27,4.61893,2017-06-27,7.15935
2017-06-28,5.04234,2017-06-28,6.15858
2017-06-29,4.11855,2017-06-29,5.23479
2017-06-30,4.19553,2017-06-30,5.46574
2017-07-01,3.07929,2017-07-01,5.77367
2017-07-02,3.57967,2017-07-02,6.54349
2017-07-03,4.08006,2017-07-03,6.04311
2017-07-04,4.27251,2017-07-04,6.77444
2017-07-05,4.19553,2017-07-05,6.88991
2017-07-06,4.81139,2017-07-06,6.00461
2017-07-07,3.73364,2017-07-07,4.73441
2017-07-08,3.8876,2017-07-08,5.50423
2017-07-09,3.50269,2017-07-09,5.92763
2017-07-10,3.96458,2017-07-10,6.54349
2017-07-11,4.7729,2017-07-11,5.73518
2017-07-12,4.08006,2017-07-12,6.42802
2017-07-13,4.11855,2017-07-13,5.31177
2017-07-14,4.04157,2017-07-14,5.27328
2017-07-15,3.15627,2017-07-15,5.92763
2017-07-16,3.0023,2017-07-16,6.00461
2017-07-17,4.23402,2017-07-17,7.69822
2017-07-18,4.00307,2017-07-18,6.46651
2017-07-19,3.50269,2017-07-19,5.50423
2017-07-20,4.04157,2017-07-20,6.35103
2017-07-21,4.311,2017-07-21,6.00461
2017-07-22,2.50192,2017-07-22,5.73518
2017-07-23,2.84834,2017-07-23,5.69668
2017-07-24,3.61816,2017-07-24,6.77444
2017-07-25,4.11855,2017-07-25,7.69822
2017-07-26,3.4642,2017-07-26,7.12086
2017-07-27,4.38799,2017-07-27,6.35103
2017-07-28,3.50269,2017-07-28,5.92763
2017-07-29,3.34872,2017-07-29,5.54272
2017-07-30,2.84834,2017-07-30,6.58198
2017-07-31,4.96535,2017-07-31,6.77444
2017-08-01,3.54118,2017-08-01,7.31331
2017-08-02,4.61893,2017-08-02,7.00538
2017-08-03,2.80985,2017-08-03,8.2371
2017-08-04,3.8876,2017-08-04,8.39107
2017-08-05,2.84834,2017-08-05,6.35103
2017-08-06,2.69438,2017-08-06,7.31331
2017-08-07,3.69515,2017-08-07,7.96766
2017-08-08,4.46497,2017-08-08,8.2371
2017-08-09,3.07929,2017-08-09,7.92917
2017-08-10,4.27251,2017-08-10,9.66127
2017-08-11,3.4642,2017-08-11,9.73826
2017-08-12,3.11778,2017-08-12,7.23633
2017-08-13,3.34872,2017-08-13,8.69899
2017-08-14,4.50346,2017-08-14,9.85373
2017-08-15,3.65665,2017-08-15,8.85296
2017-08-16,4.58044,2017-08-16,11.2779
2017-08-17,4.15704,2017-08-17,8.81447
2017-08-18,5.15781,2017-08-18,8.12163
2017-08-19,2.92532,2017-08-19,6.54349
2017-08-20,3.23325,2017-08-20,7.19784
2017-08-21,5.04234,2017-08-21,10.3926
2017-08-22,4.61893,2017-08-22,9.69976
2017-08-23,4.96535,2017-08-23,9.00692
2017-08-24,3.54118,2017-08-24,8.31408
2017-08-25,4.15704,2017-08-25,7.50577
2017-08-26,2.69438,2017-08-26,8.00615
2017-08-27,4.19553,2017-08-27,8.12163
2017-08-28,3.4642,2017-08-28,8.62201
2017-08-29,4.11855,2017-08-29,9.69976
2017-08-30,3.77213,2017-08-30,7.96766
2017-08-31,4.73441,2017-08-31,8.6605
2017-09-01,3.27174,2017-09-01,6.35103
2017-09-02,2.73287,2017-09-02,7.89068
2017-09-03,3.65665,2017-09-03,6.58198
2017-09-04,4.08006,2017-09-04,8.39107
2017-09-05,4.46497,2017-09-05,7.69822
2017-09-06,5.35026,2017-09-06,6.62047
2017-09-07,4.27251,2017-09-07,7.8137
2017-09-08,3.77213,2017-09-08,6.23556
2017-09-09,3.84911,2017-09-09,6.77444
2017-09-10,3.84911,2017-09-10,7.62124
2017-09-11,3.84911,2017-09-11,7.96766
2017-09-12,4.38799,2017-09-12,7.50577
2017-09-13,3.77213,2017-09-13,8.00615
2017-09-14,4.73441,2017-09-14,7.89068
2017-09-15,3.54118,2017-09-15,8.16012
2017-09-16,3.57967,2017-09-16,7.00538
2017-09-17,3.50269,2017-09-17,9.35334
2017-09-18,5.11932,2017-09-18,9.23787
2017-09-19,4.311,2017-09-19,10.50808
2017-09-20,5.08083,2017-09-20,8.46805
2017-09-21,3.84911,2017-09-21,7.65973
2017-09-22,4.11855,2017-09-22,7.50577
2017-09-23,3.61816,2017-09-23,9.5458
2017-09-24,4.19553,2017-09-24,7.89068
2017-09-25,4.58044,2017-09-25,9.08391
2017-09-26,5.11932,2017-09-26,7.27482
2017-09-27,4.04157,2017-09-27,7.8137
2017-09-28,4.11855,2017-09-28,8.27559
2017-09-29,3.31023,2017-09-29,6.505
2017-09-30,2.96381,2017-09-30,6.15858
2017-10-01,2.96381,2017-10-01,7.04387
2017-10-02,3.27174,2017-10-02,7.96766
2017-10-03,2.92532,2017-10-03,6.81293
2017-10-04,2.96381,2017-10-04,7.27482
2017-10-05,2.23248,2017-10-05,6.46651
2017-10-06,2.27097,2017-10-06,8.69899
2017-10-07,2.61739,2017-10-07,8.81447
2017-10-08,3.19476,2017-10-08,11.43187
2017-10-09,5.04234,2017-10-09,11.20092
2017-10-10,5.69668,2017-10-10,9.1224
2017-10-11,5.15781,2017-10-11,8.27559
2017-10-12,5.85065,2017-10-12,8.6605
2017-10-13,3.50269,2017-10-13,7.46728
2017-10-14,3.65665,2017-10-14,6.81293
2017-10-15,3.92609,2017-10-15,7.27482
2017-10-16,5.54272,2017-10-16,10.35411
2017-10-17,4.58044,2017-10-17,7.3518
2017-10-18,4.81139,2017-10-18,7.8137
2017-10-19,3.84911,2017-10-19,9.08391
2017-10-20,3.65665,2017-10-20,7.89068
2017-10-21,3.96458,2017-10-21,7.08237
2017-10-22,4.96535,2017-10-22,7.00538
2017-10-23,5.6197,2017-10-23,9.1224
2017-10-24,4.96535,2017-10-24,6.69745
2017-10-25,4.65742,2017-10-25,8.16012
2017-10-26,5.6197,2017-10-26,7.3903
2017-10-27,4.58044,2017-10-27,7.77521
2017-10-28,2.92532,2017-10-28,6.69745
2017-10-29,3.81062,2017-10-29,7.04387
2017-10-30,4.61893,2017-10-30,8.19861
2017-10-31,5.11932,2017-10-31,9.39183
2017-11-01,5.00384,2017-11-01,9.00692
2017-11-02,4.81139,2017-11-02,7.50577
2017-11-03,3.77213,2017-11-03,11.39337
2017-11-04,3.34872,2017-11-04,8.81447
2017-11-05,3.65665,2017-11-05,9.43033
2017-11-06,5.04234,2017-11-06,9.19938
2017-11-07,5.27328,2017-11-07,8.92994
2017-11-08,4.96535,2017-11-08,8.77598
2017-11-09,4.311,2017-11-09,9.23787
2017-11-10,3.77213,2017-11-10,8.42956
2017-11-11,3.31023,2017-11-11,7.23633
2017-11-12,3.42571,2017-11-12,8.6605
2017-11-13,4.92686,2017-11-13,7.96766
2017-11-14,4.08006,2017-11-14,7.85219
2017-11-15,4.38799,2017-11-15,7.85219
2017-11-16,4.311,2017-11-16,7.8137
2017-11-17,3.50269,2017-11-17,7.69822
2017-11-18,3.31023,2017-11-18,6.85142
2017-11-19,3.81062,2017-11-19,7.65973
2017-11-20,3.96458,2017-11-20,37.45188
2017-11-21,4.69591,2017-11-21,35.79676
2017-11-22,3.8876,2017-11-22,16.35873
2017-11-23,3.8876,2017-11-23,11.00846
2017-11-24,4.08006,2017-11-24,11.08545
2017-11-25,3.07929,2017-11-25,9.89222
2017-11-26,3.38722,2017-11-26,11.62432
2017-11-27,4.61893,2017-11-27,12.85604
2017-11-28,4.92686,2017-11-28,11.12394
2017-11-29,4.38799,2017-11-29,9.77675
2017-11-30,4.88837,2017-11-30,8.69899
2017-12-01,3.69515,2017-12-01,7.31331
2017-12-02,3.54118,2017-12-02,6.88991
2017-12-03,3.84911,2017-12-03,6.77444
2017-12-04,4.81139,2017-12-04,8.6605
2017-12-05,6.12009,2017-12-05,8.16012
2017-12-06,3.73364,2017-12-06,6.77444
2017-12-07,4.50346,2017-12-07,7.3903
2017-12-08,4.27251,2017-12-08,8.19861
2017-12-09,2.92532,2017-12-09,6.42802
2017-12-10,3.73364,2017-12-10,5.81216
2017-12-11,3.8876,2017-12-11,8.39107
2017-12-12,3.57967,2017-12-12,8.39107
2017-12-13,3.73364,2017-12-13,8.04464
2017-12-14,4.27251,2017-12-14,6.35103
2017-12-15,3.4642,2017-12-15,5.38876
2017-12-16,2.88683,2017-12-16,5.6197
2017-12-17,3.4642,2017-12-17,6.62047
2017-12-18,3.27174,2017-12-18,7.65973
2017-12-19,3.84911,2017-12-19,6.15858
2017-12-20,3.07929,2017-12-20,6.96689
2017-12-21,3.69515,2017-12-21,6.38953
2017-12-22,3.96458,2017-12-22,5.81216
2017-12-23,2.73287,2017-12-23,5.92763
2017-12-24,2.92532,2017-12-24,5.85065
2017-12-25,2.73287,2017-12-25,6.62047
2017-12-26,3.57967,2017-12-26,7.00538
2017-12-27,3.61816,2017-12-27,7.23633
2017-12-28,3.38722,2017-12-28,6.88991
2017-12-29,3.11778,2017-12-29,6.42802
2017-12-30,3.31023,2017-12-30,5.58121
2017-12-31,2.46343,2017-12-31,5.69668
2018-01-01,2.38645,2018-01-01,6.12009
2018-01-02,4.04157,2018-01-02,6.88991
2018-01-03,4.7729,2018-01-03,7.73672
2018-01-04,5.69668,2018-01-04,6.85142
2018-01-05,3.8876,2018-01-05,6.81293
2018-01-06,3.42571,2018-01-06,7.27482
2018-01-07,3.38722,2018-01-07,6.81293
2018-01-08,3.54118,2018-01-08,7.3903
2018-01-09,5.00384,2018-01-09,8.04464
2018-01-10,4.88837,2018-01-10,8.73749
2018-01-11,4.34949,2018-01-11,7.50577
2018-01-12,3.81062,2018-01-12,7.27482
2018-01-13,3.0023,2018-01-13,6.00461
2018-01-14,3.54118,2018-01-14,7.08237
2018-01-15,3.81062,2018-01-15,9.16089
2018-01-16,4.92686,2018-01-16,10.31562
2018-01-17,6.69745,2018-01-17,7.69822
2018-01-18,5.35026,2018-01-18,5.81216
2018-01-19,5.11932,2018-01-19,7.58275
2018-01-20,3.23325,2018-01-20,7.65973
2018-01-21,4.311,2018-01-21,7.08237
2018-01-22,5.96612,2018-01-22,8.58352
2018-01-23,5.6197,2018-01-23,6.77444
2018-01-24,5.23479,2018-01-24,6.31254
2018-01-25,4.84988,2018-01-25,7.19784
2018-01-26,4.04157,2018-01-26,6.65896
2018-01-27,3.0408,2018-01-27,5.58121
2018-01-28,4.11855,2018-01-28,7.27482
2018-01-29,5.23479,2018-01-29,7.3903
2018-01-30,5.77367,2018-01-30,7.31331
2018-01-31,5.35026,2018-01-31,7.54426
2018-02-01,5.58121,2018-02-01,7.23633
2018-02-02,4.34949,2018-02-02,7.08237
2018-02-03,3.61816,2018-02-03,7.8137
2018-02-04,5.00384,2018-02-04,7.3518
2018-02-05,4.61893,2018-02-05,7.3518
2018-02-06,5.42725,2018-02-06,7.23633
2018-02-07,5.35026,2018-02-07,6.88991
2018-02-08,4.92686,2018-02-08,6.62047
2018-02-09,3.73364,2018-02-09,6.0816
2018-02-10,2.96381,2018-02-10,5.11932
2018-02-11,3.69515,2018-02-11,6.88991
2018-02-12,4.34949,2018-02-12,6.505
2018-02-13,4.19553,2018-02-13,6.31254
2018-02-14,4.54195,2018-02-14,4.7729
2018-02-15,3.23325,2018-02-15,5.23479
2018-02-16,2.54041,2018-02-16,5.00384
2018-02-17,2.38645,2018-02-17,4.84988
2018-02-18,3.92609,2018-02-18,5.77367
2018-02-19,5.11932,2018-02-19,5.77367
2018-02-20,4.73441,2018-02-20,6.38953
2018-02-21,4.19553,2018-02-21,5.85065
2018-02-22,4.7729,2018-02-22,5.1963
2018-02-23,4.27251,2018-02-23,6.15858
2018-02-24,3.11778,2018-02-24,5.08083
2018-02-25,3.96458,2018-02-25,5.46574
2018-02-26,3.92609,2018-02-26,7.12086
2018-02-27,5.35026,2018-02-27,6.65896
2018-02-28,3.27174,2018-02-28,5.73518
2018-03-01,3.4642,2018-03-01,5.11932
2018-03-02,3.57967,2018-03-02,6.12009
2018-03-03,4.38799,2018-03-03,6.42802
2018-03-04,4.58044,2018-03-04,8.54503
2018-03-05,4.23402,2018-03-05,6.9284
2018-03-06,4.23402,2018-03-06,5.69668
2018-03-07,4.54195,2018-03-07,4.54195
2018-03-08,4.65742,2018-03-08,5.81216
2018-03-09,3.81062,2018-03-09,5.92763
2018-03-10,4.50346,2018-03-10,5.81216
2018-03-11,3.65665,2018-03-11,6.35103
2018-03-12,5.15781,2018-03-12,6.46651
2018-03-13,4.88837,2018-03-13,6.85142
2018-03-14,5.31177,2018-03-14,5.58121
2018-03-15,4.65742,2018-03-15,6.73595
2018-03-16,4.54195,2018-03-16,5.46574
2018-03-17,3.54118,2018-03-17,5.23479
2018-03-18,4.34949,2018-03-18,6.04311
2018-03-19,4.34949,2018-03-19,8.73749
2018-03-20,4.92686,2018-03-20,7.31331
2018-03-21,5.58121,2018-03-21,7.65973
2018-03-22,5.00384,2018-03-22,6.505
2018-03-23,4.58044,2018-03-23,6.65896
2018-03-24,3.61816,2018-03-24,7.62124
2018-03-25,3.92609,2018-03-25,5.92763
2018-03-26,4.15704,2018-03-26,5.88914
2018-03-27,4.04157,2018-03-27,6.19707
2018-03-28,4.96535,2018-03-28,5.73518
2018-03-29,5.11932,2018-03-29,5.27328
2018-03-30,4.88837,2018-03-30,5.00384
2018-03-31,4.08006,2018-03-31,5.1963
2018-04-01,4.42648,2018-04-01,7.54426
2018-04-02,4.61893,2018-04-02,6.0816
2018-04-03,5.54272,2018-04-03,7.04387
2018-04-04,5.73518,2018-04-04,6.85142
2018-04-05,5.42725,2018-04-05,5.69668
2018-04-06,4.84988,2018-04-06,6.69745
2018-04-07,3.96458,2018-04-07,6.00461
2018-04-08,4.50346,2018-04-08,7.42879
2018-04-09,5.65819,2018-04-09,7.73672
2018-04-10,5.27328,2018-04-10,6.73595
2018-04-11,6.12009,2018-04-11,7.00538
2018-04-12,4.92686,2018-04-12,6.85142
2018-04-13,4.81139,2018-04-13,7.12086
2018-04-14,4.69591,2018-04-14,6.46651
2018-04-15,5.6197,2018-04-15,7.15935
2018-04-16,5.04234,2018-04-16,8.00615
2018-04-17,5.58121,2018-04-17,7.69822
2018-04-18,6.54349,2018-04-18,6.88991
2018-04-19,5.6197,2018-04-19,7.12086
2018-04-20,4.7729,2018-04-20,7.77521
2018-04-21,3.96458,2018-04-21,6.54349
2018-04-22,4.38799,2018-04-22,6.96689
2018-04-23,4.81139,2018-04-23,8.69899
2018-04-24,4.54195,2018-04-24,6.73595
2018-04-25,5.00384,2018-04-25,6.77444
2018-04-26,3.69515,2018-04-26,7.8137
2018-04-27,4.15704,2018-04-27,6.505
2018-04-28,4.08006,2018-04-28,6.42802
2018-04-29,3.73364,2018-04-29,7.08237
2018-04-30,4.7729,2018-04-30,6.62047
2018-05-01,5.58121,2018-05-01,7.42879
2018-05-02,4.81139,2018-05-02,7.00538
2018-05-03,4.73441,2018-05-03,8.08314
2018-05-04,4.08006,2018-05-04,6.96689
2018-05-05,3.11778,2018-05-05,5.04234
2018-05-06,3.11778,2018-05-06,6.62047
2018-05-07,4.34949,2018-05-07,7.50577
2018-05-08,5.00384,2018-05-08,9.93071
2018-05-09,4.81139,2018-05-09,7.04387
2018-05-10,5.35026,2018-05-10,6.9284
2018-05-11,4.69591,2018-05-11,7.89068
2018-05-12,4.46497,2018-05-12,8.08314
2018-05-13,3.73364,2018-05-13,7.54426
2018-05-14,5.73518,2018-05-14,8.96843
2018-05-15,5.46574,2018-05-15,7.31331
2018-05-16,5.35026,2018-05-16,8.42956
2018-05-17,4.11855,2018-05-17,7.65973
2018-05-18,4.19553,2018-05-18,6.58198
2018-05-19,3.92609,2018-05-19,6.46651
2018-05-20,3.8876,2018-05-20,7.77521
2018-05-21,4.7729,2018-05-21,7.89068
2018-05-22,5.04234,2018-05-22,7.31331
2018-05-23,5.46574,2018-05-23,8.00615
2018-05-24,5.73518,2018-05-24,8.39107
2018-05-25,4.65742,2018-05-25,7.12086
2018-05-26,3.34872,2018-05-26,6.81293
2018-05-27,4.08006,2018-05-27,7.27482
2018-05-28,5.15781,2018-05-28,8.31408
2018-05-29,5.96612,2018-05-29,8.00615
2018-05-30,6.85142,2018-05-30,7.08237
2018-05-31,5.88914,2018-05-31,7.42879
2018-06-01,4.84988,2018-06-01,6.15858
2018-06-02,3.57967,2018-06-02,6.38953
2018-06-03,4.34949,2018-06-03,7.27482
2018-06-04,4.50346,2018-06-04,6.96689
2018-06-05,5.73518,2018-06-05,10.31562
2018-06-06,3.81062,2018-06-06,10.70053
2018-06-07,5.50423,2018-06-07,8.81447
2018-06-08,4.34949,2018-06-08,7.27482
2018-06-09,4.42648,2018-06-09,7.3903
2018-06-10,4.54195,2018-06-10,7.31331
2018-06-11,4.54195,2018-06-11,7.65973
2018-06-12,3.96458,2018-06-12,7.46728
2018-06-13,4.23402,2018-06-13,5.85065
2018-06-14,4.61893,2018-06-14,6.58198
2018-06-15,5.6197,2018-06-15,7.19784
2018-06-16,3.73364,2018-06-16,8.62201
2018-06-17,4.7729,2018-06-17,8.31408
2018-06-18,4.50346,2018-06-18,8.19861
2018-06-19,5.92763,2018-06-19,8.89145
2018-06-20,5.73518,2018-06-20,7.19784
2018-06-21,5.65819,2018-06-21,8.31408
2018-06-22,5.11932,2018-06-22,6.31254
2018-06-23,4.61893,2018-06-23,6.9284
2018-06-24,4.11855,2018-06-24,7.8137
2018-06-25,3.92609,2018-06-25,9.16089
2018-06-26,4.88837,2018-06-26,7.96766
2018-06-27,6.27405,2018-06-27,7.46728
2018-06-28,5.38876,2018-06-28,7.00538
2018-06-29,4.92686,2018-06-29,7.89068
2018-06-30,3.61816,2018-06-30,6.19707
2018-07-01,3.38722,2018-07-01,7.27482
2018-07-02,4.54195,2018-07-02,9.27636
2018-07-03,3.73364,2018-07-03,8.62201
2018-07-04,4.27251,2018-07-04,7.92917
2018-07-05,4.23402,2018-07-05,8.6605
2018-07-06,4.46497,2018-07-06,7.3903
2018-07-07,3.54118,2018-07-07,6.73595
2018-07-08,5.65819,2018-07-08,8.04464
2018-07-09,5.11932,2018-07-09,13.16397
2018-07-10,4.15704,2018-07-10,9.85373
2018-07-11,4.11855,2018-07-11,7.96766
2018-07-12,5.11932,2018-07-12,7.85219
2018-07-13,4.23402,2018-07-13,7.54426
2018-07-14,4.27251,2018-07-14,7.42879
2018-07-15,3.61816,2018-07-15,7.00538
2018-07-16,4.69591,2018-07-16,8.81447
2018-07-17,3.77213,2018-07-17,10.23864
2018-07-18,4.15704,2018-07-18,13.93379
2018-07-19,3.73364,2018-07-19,9.43033
2018-07-20,4.15704,2018-07-20,7.89068
2018-07-21,2.96381,2018-07-21,7.77521
2018-07-22,3.4642,2018-07-22,7.50577
2018-07-23,5.1963,2018-07-23,9.89222
2018-07-24,3.0408,2018-07-24,7.46728
2018-07-25,4.23402,2018-07-25,9.27636
2018-07-26,3.69515,2018-07-26,8.73749
2018-07-27,3.50269,2018-07-27,8.12163
2018-07-28,2.80985,2018-07-28,7.31331
2018-07-29,3.8876,2018-07-29,10.89299
2018-07-30,5.00384,2018-07-30,8.96843
2018-07-31,3.81062,2018-07-31,9.19938
2018-08-01,3.84911,2018-08-01,13.27944
2018-08-02,3.77213,2018-08-02,11.62432
2018-08-03,4.311,2018-08-03,7.69822
2018-08-04,3.34872,2018-08-04,9.77675
2018-08-05,3.65665,2018-08-05,12.54811
2018-08-06,4.34949,2018-08-06,12.04772
2018-08-07,4.7729,2018-08-07,11.08545
2018-08-08,3.84911,2018-08-08,9.35334
2018-08-09,4.19553,2018-08-09,9.31485
2018-08-10,4.34949,2018-08-10,9.5458
2018-08-11,2.54041,2018-08-11,9.00692
2018-08-12,3.65665,2018-08-12,9.93071
2018-08-13,4.7729,2018-08-13,9.77675
2018-08-14,4.88837,2018-08-14,7.96766
2018-08-15,3.42571,2018-08-15,10.00769
2018-08-16,4.04157,2018-08-16,11.08545
2018-08-17,4.38799,2018-08-17,9.81524
2018-08-18,3.07929,2018-08-18,8.62201
2018-08-19,3.50269,2018-08-19,9.62278
2018-08-20,4.00307,2018-08-20,10.12317
2018-08-21,4.42648,2018-08-21,9.35334
2018-08-22,4.27251,2018-08-22,9.9692
2018-08-23,4.61893,2018-08-23,8.62201
2018-08-24,4.27251,2018-08-24,8.73749
2018-08-25,4.00307,2018-08-25,9.50731
2018-08-26,3.81062,2018-08-26,9.50731
2018-08-27,4.88837,2018-08-27,9.16089
2018-08-28,4.81139,2018-08-28,8.42956
2018-08-29,5.50423,2018-08-29,8.39107
2018-08-30,5.50423,2018-08-30,9.93071
2018-08-31,5.31177,2018-08-31,12.20169
2018-09-01,3.54118,2018-09-01,16.39722
2018-09-02,4.00307,2018-09-02,13.4719
2018-09-03,4.23402,2018-09-03,15.58891
2018-09-04,4.50346,2018-09-04,13.31793
2018-09-05,5.11932,2018-09-05,10.20015
2018-09-06,5.73518,2018-09-06,11.85527
2018-09-07,5.1963,2018-09-07,12.5866
2018-09-08,3.19476,2018-09-08,10.93148
2018-09-09,4.58044,2018-09-09,11.16243
2018-09-10,5.42725,2018-09-10,12.12471
2018-09-11,4.81139,2018-09-11,10.58506
2018-09-12,5.88914,2018-09-12,9.04541
2018-09-13,4.34949,2018-09-13,9.43033
2018-09-14,5.69668,2018-09-14,11.58583
2018-09-15,3.27174,2018-09-15,9.9692
2018-09-16,4.00307,2018-09-16,10.62355
2018-09-17,4.61893,2018-09-17,10.12317
2018-09-18,6.54349,2018-09-18,9.50731
2018-09-19,5.58121,2018-09-19,9.16089
2018-09-20,4.54195,2018-09-20,8.12163
2018-09-21,4.96535,2018-09-21,9.43033
2018-09-22,4.19553,2018-09-22,8.31408
2018-09-23,2.80985,2018-09-23,9.00692
2018-09-24,3.0408,2018-09-24,10.89299
2018-09-25,3.07929,2018-09-25,11.35488
2018-09-26,5.00384,2018-09-26,12.5866
2018-09-27,5.46574,2018-09-27,13.43341
2018-09-28,4.46497,2018-09-28,11.20092
2018-09-29,4.11855,2018-09-29,9.27636
2018-09-30,5.42725,2018-09-30,10.50808
2018-10-01,5.38876,2018-10-01,11.43187
2018-10-02,4.88837,2018-10-02,10.31562
2018-10-03,4.46497,2018-10-03,10.08468
2018-10-04,4.92686,2018-10-04,11.7013
2018-10-05,5.27328,2018-10-05,8.27559
2018-10-06,4.311,2018-10-06,10.12317
2018-10-07,3.31023,2018-10-07,10.27713
2018-10-08,3.54118,2018-10-08,10.3926
2018-10-09,4.50346,2018-10-09,9.81524
2018-10-10,4.15704,2018-10-10,11.2779
2018-10-11,4.84988,2018-10-11,9.89222
2018-10-12,4.08006,2018-10-12,11.08545
2018-10-13,3.8876,2018-10-13,10.00769
2018-10-14,3.34872,2018-10-14,9.50731
2018-10-15,4.19553,2018-10-15,10.77752
2018-10-16,5.58121,2018-10-16,11.39337
2018-10-17,4.00307,2018-10-17,11.47036
2018-10-18,4.7729,2018-10-18,10.04618
2018-10-19,4.38799,2018-10-19,8.73749
2018-10-20,4.23402,2018-10-20,9.62278
2018-10-21,4.61893,2018-10-21,10.62355
2018-10-22,6.12009,2018-10-22,10.46959
2018-10-23,5.00384,2018-10-23,11.08545
2018-10-24,6.12009,2018-10-24,11.20092
2018-10-25,5.11932,2018-10-25,10.81601
2018-10-26,4.58044,2018-10-26,8.58352
2018-10-27,3.42571,2018-10-27,8.96843
2018-10-28,4.00307,2018-10-28,9.85373
2018-10-29,5.42725,2018-10-29,10.73903
2018-10-30,5.27328,2018-10-30,10.23864
2018-10-31,5.54272,2018-10-31,10.46959
2018-11-01,4.58044,2018-11-01,9.19938
2018-11-02,5.1963,2018-11-02,9.04541
2018-11-03,4.34949,2018-11-03,8.69899
2018-11-04,4.27251,2018-11-04,10.20015
2018-11-05,5.65819,2018-11-05,10.77752
2018-11-06,4.42648,2018-11-06,11.85527
2018-11-07,5.1963,2018-11-07,9.46882
2018-11-08,5.08083,2018-11-08,10.70053
2018-11-09,4.7729,2018-11-09,8.2371
2018-11-10,4.46497,2018-11-10,8.2371
2018-11-11,3.96458,2018-11-11,10.08468
2018-11-12,5.42725,2018-11-12,11.54734
2018-11-13,4.73441,2018-11-13,10.66204
2018-11-14,5.08083,2018-11-14,8.46805
2018-11-15,4.73441,2018-11-15,9.04541
2018-11-16,4.34949,2018-11-16,8.46805
2018-11-17,3.57967,2018-11-17,8.77598
2018-11-18,4.11855,2018-11-18,9.1224
2018-11-19,4.88837,2018-11-19,10.73903
2018-11-20,4.15704,2018-11-20,9.58429
2018-11-21,5.50423,2018-11-21,7.23633
2018-11-22,5.38876,2018-11-22,9.27636
2018-11-23,4.61893,2018-11-23,8.50654
2018-11-24,3.69515,2018-11-24,7.04387
2018-11-25,4.7729,2018-11-25,9.04541
2018-11-26,5.42725,2018-11-26,10.4311
2018-11-27,5.15781,2018-11-27,9.08391
2018-11-28,5.11932,2018-11-28,8.27559
2018-11-29,5.23479,2018-11-29,9.39183
2018-11-30,4.84988,2018-11-30,8.6605
2018-12-01,4.15704,2018-12-01,7.23633
2018-12-02,4.311,2018-12-02,8.89145
2018-12-03,5.23479,2018-12-03,8.50654
2018-12-04,5.6197,2018-12-04,8.92994
2018-12-05,5.1963,2018-12-05,8.92994
2018-12-06,5.31177,2018-12-06,9.27636
2018-12-07,3.77213,2018-12-07,8.77598
2018-12-08,3.27174,2018-12-08,8.31408
2018-12-09,3.69515,2018-12-09,8.2371
2018-12-10,4.96535,2018-12-10,8.6605
2018-12-11,5.11932,2018-12-11,7.85219
2018-12-12,4.04157,2018-12-12,7.50577
2018-12-13,4.54195,2018-12-13,8.73749
2018-12-14,4.54195,2018-12-14,7.85219
2018-12-15,3.07929,2018-12-15,8.04464
2018-12-16,3.15627,2018-12-16,8.96843
2018-12-17,4.73441,2018-12-17,7.50577
2018-12-18,4.81139,2018-12-18,8.08314
2018-12-19,5.23479,2018-12-19,8.62201
2018-12-20,4.38799,2018-12-20,8.96843
2018-12-21,3.54118,2018-12-21,7.46728
2018-12-22,3.61816,2018-12-22,7.31331
2018-12-23,2.84834,2018-12-23,8.08314
2018-12-24,2.88683,2018-12-24,7.58275
2018-12-25,3.31023,2018-12-25,7.27482
2018-12-26,3.57967,2018-12-26,7.3903
2018-12-27,3.61816,2018-12-27,7.65973
2018-12-28,3.27174,2018-12-28,6.38953
2018-12-29,2.23248,2018-12-29,7.8137
2018-12-30,3.19476,2018-12-30,7.15935
2018-12-31,3.0023,2018-12-31,6.54349
2019-01-01,2.80985,2019-01-01,7.19784
2019-01-02,3.65665,2019-01-02,7.77521
2019-01-03,4.04157,2019-01-03,10.00769
2019-01-04,4.58044,2019-01-04,6.04311
2019-01-05,4.00307,2019-01-05,7.31331
2019-01-06,4.04157,2019-01-06,8.35257
2019-01-07,4.88837,2019-01-07,8.35257
2019-01-08,5.08083,2019-01-08,8.6605
2019-01-09,4.15704,2019-01-09,7.85219
2019-01-10,4.69591,2019-01-10,8.73749
2019-01-11,4.19553,2019-01-11,7.58275
2019-01-12,3.54118,2019-01-12,6.88991
2019-01-13,3.69515,2019-01-13,6.62047
2019-01-14,4.27251,2019-01-14,8.58352
2019-01-15,5.54272,2019-01-15,7.27482
2019-01-16,5.04234,2019-01-16,8.39107
2019-01-17,4.7729,2019-01-17,8.12163
2019-01-18,4.15704,2019-01-18,7.31331
2019-01-19,3.77213,2019-01-19,7.31331
2019-01-20,3.42571,2019-01-20,8.31408
2019-01-21,4.81139,2019-01-21,8.27559
2019-01-22,5.54272,2019-01-22,8.85296
2019-01-23,4.73441,2019-01-23,7.65973
2019-01-24,4.61893,2019-01-24,8.04464
2019-01-25,4.50346,2019-01-25,7.69822
2019-01-26,2.92532,2019-01-26,6.9284
2019-01-27,3.57967,2019-01-27,8.85296
2019-01-28,4.65742,2019-01-28,7.54426
2019-01-29,4.311,2019-01-29,7.50577
2019-01-30,4.73441,2019-01-30,7.69822
2019-01-31,4.69591,2019-01-31,7.08237
2019-02-01,3.61816,2019-02-01,6.27405
2019-02-02,3.23325,2019-02-02,5.46574
2019-02-03,3.0408,2019-02-03,4.96535
2019-02-04,3.65665,2019-02-04,6.15858
2019-02-05,3.31023,2019-02-05,5.58121
2019-02-06,4.11855,2019-02-06,7.31331
2019-02-07,4.92686,2019-02-07,9.08391
2019-02-08,4.42648,2019-02-08,7.85219
2019-02-09,3.77213,2019-02-09,8.42956
2019-02-10,5.38876,2019-02-10,7.46728
2019-02-11,4.58044,2019-02-11,8.54503
2019-02-12,4.96535,2019-02-12,8.77598
2019-02-13,4.58044,2019-02-13,12.00923
2019-02-14,5.04234,2019-02-14,11.04695
2019-02-15,4.81139,2019-02-15,8.42956
2019-02-16,3.11778,2019-02-16,7.27482
2019-02-17,4.04157,2019-02-17,9.58429
2019-02-18,4.27251,2019-02-18,7.3518
2019-02-19,5.04234,2019-02-19,8.58352
2019-02-20,4.58044,2019-02-20,27.75211
2019-02-21,4.11855,2019-02-21,18.36027
2019-02-22,4.34949,2019-02-22,16.08929
2019-02-23,3.92609,2019-02-23,10.54657
2019-02-24,4.27251,2019-02-24,9.04541
2019-02-25,5.11932,2019-02-25,10.81601
2019-02-26,4.7729,2019-02-26,8.39107
2019-02-27,4.58044,2019-02-27,9.08391
2019-02-28,4.42648,2019-02-28,7.69822
2019-03-01,4.00307,2019-03-01,8.19861
2019-03-02,4.311,2019-03-02,8.27559
2019-03-03,3.65665,2019-03-03,8.73749
2019-03-04,4.84988,2019-03-04,8.08314
2019-03-05,4.73441,2019-03-05,8.6605
2019-03-06,3.92609,2019-03-06,8.39107
2019-03-07,5.1963,2019-03-07,6.88991
2019-03-08,4.73441,2019-03-08,7.15935
2019-03-09,3.4642,2019-03-09,6.88991
2019-03-10,4.58044,2019-03-10,7.65973
2019-03-11,4.54195,2019-03-11,7.62124
2019-03-12,5.54272,2019-03-12,7.73672
2019-03-13,4.81139,2019-03-13,6.42802
2019-03-14,4.27251,2019-03-14,7.54426
2019-03-15,4.34949,2019-03-15,5.96612
2019-03-16,3.81062,2019-03-16,6.31254
2019-03-17,4.69591,2019-03-17,7.65973
2019-03-18,5.58121,2019-03-18,7.46728
2019-03-19,4.23402,2019-03-19,8.19861
2019-03-20,5.77367,2019-03-20,8.08314
2019-03-21,5.54272,2019-03-21,8.19861
2019-03-22,6.31254,2019-03-22,7.46728
2019-03-23,4.19553,2019-03-23,8.19861
2019-03-24,4.65742,2019-03-24,8.39107
2019-03-25,5.31177,2019-03-25,8.62201
2019-03-26,5.42725,2019-03-26,10.27713
2019-03-27,7.08237,2019-03-27,8.73749
2019-03-28,5.73518,2019-03-28,7.3903
2019-03-29,5.27328,2019-03-29,8.42956
2019-03-30,4.61893,2019-03-30,7.3518
2019-03-31,4.7729,2019-03-31,8.31408
2019-04-01,5.88914,2019-04-01,8.77598
2019-04-02,5.31177,2019-04-02,10.62355
2019-04-03,6.77444,2019-04-03,8.16012
2019-04-04,5.27328,2019-04-04,6.81293
2019-04-05,5.38876,2019-04-05,8.16012
2019-04-06,4.34949,2019-04-06,7.73672
2019-04-07,4.65742,2019-04-07,8.00615
2019-04-08,5.73518,2019-04-08,8.35257
2019-04-09,5.96612,2019-04-09,8.77598
2019-04-10,5.77367,2019-04-10,7.46728
2019-04-11,6.19707,2019-04-11,8.54503
2019-04-12,5.88914,2019-04-12,7.42879
2019-04-13,4.46497,2019-04-13,7.77521
2019-04-14,5.46574,2019-04-14,7.77521
2019-04-15,5.46574,2019-04-15,8.85296
2019-04-16,5.85065,2019-04-16,8.31408
2019-04-17,5.65819,2019-04-17,7.58275
2019-04-18,6.42802,2019-04-18,7.46728
2019-04-19,4.61893,2019-04-19,7.46728
2019-04-20,4.69591,2019-04-20,6.77444
2019-04-21,7.50577,2019-04-21,6.23556
2019-04-22,6.38953,2019-04-22,8.39107
2019-04-23,6.85142,2019-04-23,7.62124
2019-04-24,6.88991,2019-04-24,6.9284
2019-04-25,6.23556,2019-04-25,7.04387
2019-04-26,4.65742,2019-04-26,8.54503
2019-04-27,5.04234,2019-04-27,7.89068
2019-04-28,4.73441,2019-04-28,7.27482
2019-04-29,6.04311,2019-04-29,8.27559
2019-04-30,5.35026,2019-04-30,6.96689
2019-05-01,5.00384,2019-05-01,7.12086
2019-05-02,5.88914,2019-05-02,7.15935
2019-05-03,5.23479,2019-05-03,5.77367
2019-05-04,4.34949,2019-05-04,6.04311
2019-05-05,3.19476,2019-05-05,5.46574
2019-05-06,5.04234,2019-05-06,8.81447
2019-05-07,5.85065,2019-05-07,8.35257
2019-05-08,5.42725,2019-05-08,7.08237
2019-05-09,6.23556,2019-05-09,7.27482
2019-05-10,5.11932,2019-05-10,6.19707
2019-05-11,4.81139,2019-05-11,5.88914
2019-05-12,4.7729,2019-05-12,6.27405
2019-05-13,6.35103,2019-05-13,7.31331
2019-05-14,6.85142,2019-05-14,6.73595
2019-05-15,6.505,2019-05-15,7.23633
2019-05-16,7.3518,2019-05-16,7.08237
2019-05-17,6.00461,2019-05-17,6.69745
2019-05-18,4.11855,2019-05-18,7.00538
2019-05-19,5.6197,2019-05-19,7.19784
2019-05-20,7.23633,2019-05-20,9.73826
2019-05-21,6.73595,2019-05-21,7.8137
2019-05-22,6.96689,2019-05-22,8.04464
2019-05-23,6.54349,2019-05-23,7.65973
2019-05-24,7.3903,2019-05-24,8.12163
2019-05-25,5.6197,2019-05-25,7.77521
2019-05-26,6.77444,2019-05-26,7.04387
2019-05-27,6.505,2019-05-27,9.31485
2019-05-28,7.08237,2019-05-28,11.16243
2019-05-29,6.12009,2019-05-29,8.04464
2019-05-30,7.19784,2019-05-30,8.42956
2019-05-31,5.6197,2019-05-31,8.69899
2019-06-01,4.04157,2019-06-01,7.8137
2019-06-02,4.50346,2019-06-02,8.73749
2019-06-03,6.31254,2019-06-03,8.81447
2019-06-04,6.88991,2019-06-04,8.96843
2019-06-05,5.46574,2019-06-05,6.38953
2019-06-06,3.8876,2019-06-06,6.88991
2019-06-07,5.27328,2019-06-07,8.08314
2019-06-08,4.96535,2019-06-08,6.69745
2019-06-09,5.00384,2019-06-09,8.85296
2019-06-10,6.505,2019-06-10,8.31408
2019-06-11,6.27405,2019-06-11,8.16012
2019-06-12,6.19707,2019-06-12,8.35257
2019-06-13,6.31254,2019-06-13,7.8137
2019-06-14,5.85065,2019-06-14,8.2371
2019-06-15,5.11932,2019-06-15,6.62047
2019-06-16,5.00384,2019-06-16,7.85219
2019-06-17,5.88914,2019-06-17,8.96843
2019-06-18,5.54272,2019-06-18,8.81447
2019-06-19,6.35103,2019-06-19,7.85219
2019-06-20,6.88991,2019-06-20,6.88991
2019-06-21,5.00384,2019-06-21,8.39107
2019-06-22,5.1963,2019-06-22,6.38953
2019-06-23,5.50423,2019-06-23,8.00615
2019-06-24,5.38876,2019-06-24,10.66204
2019-06-25,6.505,2019-06-25,7.65973
2019-06-26,5.54272,2019-06-26,8.96843
2019-06-27,4.38799,2019-06-27,16.0508
2019-06-28,4.65742,2019-06-28,12.47113
2019-06-29,4.27251,2019-06-29,9.93071
2019-06-30,4.15704,2019-06-30,10.04618
2019-07-01,4.92686,2019-07-01,17.3595
2019-07-02,6.31254,2019-07-02,12.85604
2019-07-03,5.00384,2019-07-03,9.69976
2019-07-04,5.11932,2019-07-04,8.89145
2019-07-05,4.54195,2019-07-05,8.50654
2019-07-06,3.34872,2019-07-06,7.04387
2019-07-07,3.61816,2019-07-07,7.89068
2019-07-08,4.96535,2019-07-08,10.3926
2019-07-09,4.69591,2019-07-09,8.39107
2019-07-10,4.311,2019-07-10,7.96766
2019-07-11,5.08083,2019-07-11,8.50654
2019-07-12,5.23479,2019-07-12,8.00615
2019-07-13,3.4642,2019-07-13,6.85142
2019-07-14,4.08006,2019-07-14,7.19784
2019-07-15,5.23479,2019-07-15,8.31408
2019-07-16,5.92763,2019-07-16,8.6605
2019-07-17,5.69668,2019-07-17,8.69899
2019-07-18,5.08083,2019-07-18,8.73749
2019-07-19,4.96535,2019-07-19,8.27559
2019-07-20,3.34872,2019-07-20,7.85219
2019-07-21,3.4642,2019-07-21,7.85219
2019-07-22,4.73441,2019-07-22,10.08468
2019-07-23,3.69515,2019-07-23,10.04618
2019-07-24,4.11855,2019-07-24,9.19938
2019-07-25,4.50346,2019-07-25,9.81524
2019-07-26,4.11855,2019-07-26,8.69899
2019-07-27,2.96381,2019-07-27,8.62201
2019-07-28,3.4642,2019-07-28,10.16166
2019-07-29,4.50346,2019-07-29,8.42956
2019-07-30,4.34949,2019-07-30,8.92994
2019-07-31,4.38799,2019-07-31,9.19938
2019-08-01,3.92609,2019-08-01,7.42879
2019-08-02,4.61893,2019-08-02,9.00692
2019-08-03,3.27174,2019-08-03,8.77598
2019-08-04,3.81062,2019-08-04,7.62124
2019-08-05,3.69515,2019-08-05,11.16243
2019-08-06,4.84988,2019-08-06,9.73826
2019-08-07,4.7729,2019-08-07,8.69899
2019-08-08,4.42648,2019-08-08,10.16166
2019-08-09,3.54118,2019-08-09,9.04541
2019-08-10,3.11778,2019-08-10,8.12163
2019-08-11,3.50269,2019-08-11,8.58352
2019-08-12,4.73441,2019-08-12,11.35488
2019-08-13,5.23479,2019-08-13,10.3926
2019-08-14,4.19553,2019-08-14,9.35334
2019-08-15,3.84911,2019-08-15,8.50654
2019-08-16,4.15704,2019-08-16,9.39183
2019-08-17,3.96458,2019-08-17,8.96843
2019-08-18,3.8876,2019-08-18,9.35334
2019-08-19,5.38876,2019-08-19,11.04695
2019-08-20,5.31177,2019-08-20,9.39183
2019-08-21,5.54272,2019-08-21,10.96997
2019-08-22,5.65819,2019-08-22,8.39107
2019-08-23,5.96612,2019-08-23,8.85296
2019-08-24,7.73672,2019-08-24,6.23556
2019-08-25,11.93225,2019-08-25,8.46805
2019-08-26,5.96612,2019-08-26,10.70053
2019-08-27,5.42725,2019-08-27,9.31485
2019-08-28,5.6197,2019-08-28,11.43187
2019-08-29,4.19553,2019-08-29,11.39337
2019-08-30,4.19553,2019-08-30,9.35334
2019-08-31,4.92686,2019-08-31,7.85219
2019-09-01,5.92763,2019-09-01,8.89145
2019-09-02,5.65819,2019-09-02,9.39183
2019-09-03,5.65819,2019-09-03,9.43033
2019-09-04,5.42725,2019-09-04,9.9692
2019-09-05,4.15704,2019-09-05,9.5458
2019-09-06,4.84988,2019-09-06,8.73749
2019-09-07,4.311,2019-09-07,8.42956
2019-09-08,5.54272,2019-09-08,10.31562
2019-09-09,5.38876,2019-09-09,11.73979
2019-09-10,5.92763,2019-09-10,10.27713
2019-09-11,4.54195,2019-09-11,9.04541
2019-09-12,3.77213,2019-09-12,7.27482
2019-09-13,2.07852,2019-09-13,8.6605
2019-09-14,3.34872,2019-09-14,10.23864
2019-09-15,4.58044,2019-09-15,13.01
2019-09-16,5.85065,2019-09-16,12.1632
2019-09-17,6.58198,2019-09-17,11.58583
2019-09-18,5.27328,2019-09-18,9.89222
2019-09-19,4.73441,2019-09-19,9.1224
2019-09-20,5.31177,2019-09-20,11.81678
2019-09-21,5.92763,2019-09-21,8.46805
2019-09-22,4.27251,2019-09-22,10.8545
2019-09-23,5.65819,2019-09-23,10.08468
2019-09-24,6.31254,2019-09-24,9.77675
2019-09-25,4.42648,2019-09-25,12.04772
2019-09-26,5.46574,2019-09-26,11.31639
2019-09-27,4.7729,2019-09-27,9.5458
2019-09-28,4.08006,2019-09-28,8.92994
2019-09-29,4.15704,2019-09-29,10.12317
2019-09-30,6.23556,2019-09-30,10.4311
2019-10-01,5.88914,2019-10-01,9.23787
2019-10-02,10.96997,2019-10-02,10.20015
2019-10-03,3.96458,2019-10-03,9.31485
2019-10-04,4.65742,2019-10-04,10.00769
2019-10-05,3.54118,2019-10-05,9.1224
2019-10-06,3.65665,2019-10-06,10.8545
2019-10-07,4.50346,2019-10-07,11.73979
2019-10-08,5.00384,2019-10-08,9.31485
2019-10-09,4.19553,2019-10-09,11.08545
2019-10-10,4.50346,2019-10-10,10.73903
2019-10-11,4.96535,2019-10-11,10.54657
2019-10-12,4.27251,2019-10-12,9.1224
2019-10-13,4.7729,2019-10-13,9.77675
2019-10-14,4.88837,2019-10-14,10.89299
2019-10-15,5.92763,2019-10-15,10.31562
2019-10-16,5.42725,2019-10-16,10.4311
2019-10-17,4.96535,2019-10-17,10.16166
2019-10-18,4.96535,2019-10-18,9.43033
2019-10-19,4.61893,2019-10-19,8.16012
2019-10-20,5.00384,2019-10-20,9.85373
2019-10-21,6.0816,2019-10-21,13.66435
2019-10-22,5.04234,2019-10-22,12.35565
2019-10-23,6.0816,2019-10-23,12.1632
2019-10-24,5.27328,2019-10-24,10.66204
2019-10-25,5.46574,2019-10-25,9.5458
2019-10-26,4.27251,2019-10-26,10.70053
2019-10-27,3.23325,2019-10-27,11.20092
2019-10-28,5.38876,2019-10-28,12.04772
2019-10-29,5.50423,2019-10-29,10.96997
2019-10-30,5.00384,2019-10-30,11.35488
2019-10-31,6.04311,2019-10-31,10.66204
2019-11-01,4.84988,2019-11-01,11.81678
2019-11-02,3.38722,2019-11-02,9.35334
2019-11-03,4.38799,2019-11-03,11.47036
2019-11-04,5.46574,2019-11-04,12.97151
2019-11-05,5.23479,2019-11-05,12.39414
2019-11-06,6.23556,2019-11-06,11.35488
2019-11-07,5.27328,2019-11-07,9.73826
2019-11-08,5.92763,2019-11-08,11.08545
2019-11-09,4.19553,2019-11-09,10.31562
2019-11-10,4.38799,2019-11-10,11.54734
2019-11-11,6.04311,2019-11-11,11.16243
2019-11-12,6.15858,2019-11-12,11.81678
2019-11-13,5.04234,2019-11-13,11.2779
2019-11-14,4.38799,2019-11-14,10.46959
2019-11-15,3.8876,2019-11-15,9.66127
2019-11-16,3.4642,2019-11-16,9.5458
2019-11-17,4.65742,2019-11-17,11.7013
2019-11-18,6.19707,2019-11-18,11.93225
2019-11-19,4.73441,2019-11-19,11.77829
2019-11-20,5.85065,2019-11-20,11.12394
2019-11-21,6.46651,2019-11-21,9.46882
2019-11-22,4.81139,2019-11-22,9.62278
2019-11-23,4.15704,2019-11-23,10.35411
2019-11-24,4.46497,2019-11-24,10.8545
2019-11-25,6.505,2019-11-25,13.12548
2019-11-26,6.00461,2019-11-26,12.77906
2019-11-27,5.35026,2019-11-27,11.35488
2019-11-28,5.04234,2019-11-28,10.12317
2019-11-29,4.61893,2019-11-29,12.12471
2019-11-30,3.8876,2019-11-30,11.73979
2019-12-01,4.27251,2019-12-01,12.39414
2019-12-02,5.35026,2019-12-02,13.70284
2019-12-03,5.92763,2019-12-03,11.58583
2019-12-04,4.81139,2019-12-04,12.04772
2019-12-05,5.15781,2019-12-05,11.62432
2019-12-06,4.19553,2019-12-06,8.42956
2019-12-07,3.4642,2019-12-07,11.12394
2019-12-08,3.96458,2019-12-08,11.2779
2019-12-09,4.73441,2019-12-09,11.58583
2019-12-10,5.27328,2019-12-10,11.2779
2019-12-11,4.88837,2019-12-11,9.5458
2019-12-12,4.73441,2019-12-12,9.81524
2019-12-13,3.54118,2019-12-13,9.66127
2019-12-14,3.61816,2019-12-14,8.85296
2019-12-15,3.50269,2019-12-15,10.54657
2019-12-16,4.73441,2019-12-16,10.66204
2019-12-17,4.38799,2019-12-17,10.58506
2019-12-18,4.84988,2019-12-18,10.77752
2019-12-19,4.27251,2019-12-19,11.81678
2019-12-20,4.15704,2019-12-20,11.39337
2019-12-21,3.42571,2019-12-21,9.89222
2019-12-22,2.50192,2019-12-22,8.85296
2019-12-23,4.19553,2019-12-23,8.73749
2019-12-24,4.38799,2019-12-24,9.19938
2019-12-25,3.81062,2019-12-25,9.89222
2019-12-26,4.00307,2019-12-26,10.12317
2019-12-27,3.84911,2019-12-27,9.5458
2019-12-28,3.73364,2019-12-28,8.77598
2019-12-29,3.81062,2019-12-29,8.92994
2019-12-30,2.77136,2019-12-30,8.69899
2019-12-31,2.84834,2019-12-31,7.65973
2020-01-01,2.77136,2020-01-01,9.62278
2020-01-02,4.08006,2020-01-02,9.35334
2020-01-03,4.81139,2020-01-03,9.89222
2020-01-04,3.73364,2020-01-04,8.50654
2020-01-05,3.84911,2020-01-05,10.23864
2020-01-06,4.34949,2020-01-06,10.12317
2020-01-07,5.15781,2020-01-07,7.46728
2020-01-08,4.61893,2020-01-08,9.89222
2020-01-09,4.04157,2020-01-09,9.00692
2020-01-10,4.46497,2020-01-10,6.81293
2020-01-11,3.34872,2020-01-11,11.35488
2020-01-12,3.19476,2020-01-12,10.58506
2020-01-13,4.65742,2020-01-13,10.66204
2020-01-14,4.46497,2020-01-14,9.9692
2020-01-15,3.65665,2020-01-15,7.50577
2020-01-16,4.61893,2020-01-16,9.93071
2020-01-17,4.23402,2020-01-17,8.00615
2020-01-18,3.27174,2020-01-18,9.23787
2020-01-19,3.34872,2020-01-19,10.04618
2020-01-20,4.54195,2020-01-20,10.89299
2020-01-21,5.04234,2020-01-21,9.93071
2020-01-22,4.92686,2020-01-22,9.73826
2020-01-23,5.46574,2020-01-23,9.9692
2020-01-24,3.27174,2020-01-24,7.62124
2020-01-25,3.0408,2020-01-25,7.54426
2020-01-26,3.07929,2020-01-26,6.65896
2020-01-27,4.38799,2020-01-27,8.58352
2020-01-28,4.311,2020-01-28,11.08545
2020-01-29,5.31177,2020-01-29,9.89222
2020-01-30,5.08083,2020-01-30,10.23864
2020-01-31,4.69591,2020-01-31,9.08391
2020-02-01,3.27174,2020-02-01,7.00538
2020-02-02,4.04157,2020-02-02,7.89068
2020-02-03,4.7729,2020-02-03,7.92917
2020-02-04,5.85065,2020-02-04,8.27559
2020-02-05,5.08083,2020-02-05,8.89145
2020-02-06,4.92686,2020-02-06,7.54426
2020-02-07,4.311,2020-02-07,6.81293
2020-02-08,3.19476,2020-02-08,8.62201
2020-02-09,4.08006,2020-02-09,9.50731
2020-02-10,5.92763,2020-02-10,10.58506
2020-02-11,4.65742,2020-02-11,9.00692
2020-02-12,5.58121,2020-02-12,8.81447
2020-02-13,5.27328,2020-02-13,6.81293
2020-02-14,4.84988,2020-02-14,8.62201
2020-02-15,4.19553,2020-02-15,8.73749
2020-02-16,4.08006,2020-02-16,7.8137
2020-02-17,4.58044,2020-02-17,10.54657
2020-02-18,4.96535,2020-02-18,8.58352
2020-02-19,4.88837,2020-02-19,9.39183
2020-02-20,4.58044,2020-02-20,6.69745
2020-02-21,3.65665,2020-02-21,5.77367
2020-02-22,3.54118,2020-02-22,5.65819
2020-02-23,3.73364,2020-02-23,6.9284
2020-02-24,4.11855,2020-02-24,8.31408
2020-02-25,5.35026,2020-02-25,7.31331
2020-02-26,5.23479,2020-02-26,7.8137
2020-02-27,4.00307,2020-02-27,7.27482
2020-02-28,4.15704,2020-02-28,6.12009
2020-02-29,3.84911,2020-02-29,6.96689
2020-03-01,5.11932,2020-03-01,7.00538
2020-03-02,5.46574,2020-03-02,7.31331
2020-03-03,5.23479,2020-03-03,5.35026
2020-03-04,5.81216,2020-03-04,8.35257
2020-03-05,5.92763,2020-03-05,10.73903
2020-03-06,5.00384,2020-03-06,8.16012
2020-03-07,4.50346,2020-03-07,9.62278
2020-03-08,4.88837,2020-03-08,8.00615
2020-03-09,6.38953,2020-03-09,8.69899
2020-03-10,5.35026,2020-03-10,8.62201
2020-03-11,6.35103,2020-03-11,8.62201
2020-03-12,6.0816,2020-03-12,8.19861
2020-03-13,5.65819,2020-03-13,10.46959
2020-03-14,4.34949,2020-03-14,7.92917
2020-03-15,4.04157,2020-03-15,8.39107
2020-03-16,5.65819,2020-03-16,10.4311
2020-03-17,5.88914,2020-03-17,7.77521
2020-03-18,6.81293,2020-03-18,9.46882
2020-03-19,6.35103,2020-03-19,8.6605
2020-03-20,5.42725,2020-03-20,9.66127
2020-03-21,4.311,2020-03-21,8.89145
2020-03-22,4.7729,2020-03-22,8.58352
2020-03-23,5.11932,2020-03-23,9.81524
2020-03-24,5.85065,2020-03-24,8.46805
2020-03-25,5.50423,2020-03-25,9.35334
2020-03-26,6.15858,2020-03-26,7.85219
2020-03-27,5.35026,2020-03-27,7.8137
2020-03-28,4.58044,2020-03-28,7.46728
2020-03-29,4.88837,2020-03-29,9.04541
2020-03-30,5.11932,2020-03-30,9.08391
2020-03-31,6.12009,2020-03-31,9.16089
2020-04-01,6.0816,2020-04-01,7.89068
2020-04-02,5.92763,2020-04-02,7.54426
2020-04-03,6.85142,2020-04-03,8.89145
2020-04-04,4.92686,2020-04-04,8.96843
2020-04-05,4.73441,2020-04-05,10.81601
2020-04-06,5.58121,2020-04-06,9.08391
2020-04-07,6.31254,2020-04-07,9.50731
2020-04-08,6.0816,2020-04-08,10.93148
2020-04-09,6.42802,2020-04-09,7.54426
2020-04-10,5.38876,2020-04-10,8.50654
2020-04-11,3.81062,2020-04-11,9.85373
2020-04-12,5.04234,2020-04-12,10.8545
2020-04-13,7.04387,2020-04-13,8.81447
2020-04-14,6.77444,2020-04-14,8.89145
2020-04-15,6.04311,2020-04-15,9.39183
2020-04-16,7.12086,2020-04-16,8.12163
2020-04-17,7.04387,2020-04-17,8.69899
2020-04-18,5.38876,2020-04-18,11.89376
2020-04-19,5.31177,2020-04-19,9.35334
2020-04-20,7.54426,2020-04-20,10.3926
2020-04-21,6.31254,2020-04-21,11.08545
2020-04-22,7.19784,2020-04-22,9.16089
2020-04-23,7.19784,2020-04-23,9.16089
2020-04-24,5.08083,2020-04-24,9.89222
2020-04-25,3.65665,2020-04-25,8.92994
2020-04-26,5.42725,2020-04-26,11.12394
2020-04-27,6.54349,2020-04-27,10.96997
2020-04-28,7.62124,2020-04-28,11.08545
2020-04-29,5.38876,2020-04-29,11.35488
2020-04-30,4.96535,2020-04-30,9.31485
2020-05-01,5.11932,2020-05-01,8.35257
2020-05-02,3.77213,2020-05-02,7.85219
2020-05-03,11.81678,2020-05-03,10.31562
2020-05-04,7.73672,2020-05-04,9.93071
2020-05-05,5.73518,2020-05-05,8.77598
2020-05-06,8.50654,2020-05-06,11.50885
2020-05-07,7.08237,2020-05-07,8.69899
2020-05-08,5.38876,2020-05-08,9.04541
2020-05-09,7.15935,2020-05-09,8.46805
2020-05-10,8.2371,2020-05-10,8.69899
2020-05-11,6.85142,2020-05-11,8.73749
2020-05-12,7.04387,2020-05-12,9.43033
2020-05-13,7.08237,2020-05-13,9.77675
2020-05-14,5.1963,2020-05-14,9.93071
2020-05-15,5.35026,2020-05-15,10.50808
2020-05-16,4.38799,2020-05-16,9.27636
2020-05-17,5.6197,2020-05-17,9.19938
2020-05-18,7.15935,2020-05-18,10.46959
2020-05-19,8.46805,2020-05-19,9.08391
2020-05-20,7.27482,2020-05-20,13.16397
2020-05-21,6.54349,2020-05-21,11.54734
2020-05-22,5.42725,2020-05-22,8.96843
2020-05-23,4.84988,2020-05-23,10.20015
2020-05-24,5.54272,2020-05-24,10.73903
2020-05-25,6.77444,2020-05-25,9.77675
2020-05-26,6.62047,2020-05-26,9.9692
2020-05-27,6.54349,2020-05-27,9.50731
2020-05-28,8.73749,2020-05-28,9.27636
2020-05-29,6.12009,2020-05-29,6.88991
2020-05-30,4.15704,2020-05-30,8.00615
2020-05-31,4.46497,2020-05-31,8.46805
2020-06-01,6.23556,2020-06-01,9.16089
2020-06-02,6.73595,2020-06-02,9.81524
2020-06-03,7.08237,2020-06-03,8.77598
2020-06-04,6.73595,2020-06-04,9.73826
2020-06-05,5.50423,2020-06-05,9.9692
2020-06-06,4.42648,2020-06-06,8.54503
2020-06-07,5.15781,2020-06-07,10.31562
2020-06-08,6.58198,2020-06-08,11.00846
2020-06-09,6.58198,2020-06-09,9.85373
2020-06-10,6.62047,2020-06-10,10.93148
2020-06-11,5.1963,2020-06-11,8.54503
2020-06-12,5.38876,2020-06-12,9.85373
2020-06-13,4.73441,2020-06-13,10.50808
2020-06-14,5.04234,2020-06-14,11.00846
2020-06-15,6.85142,2020-06-15,12.1632
2020-06-16,5.31177,2020-06-16,11.73979
2020-06-17,5.81216,2020-06-17,9.5458
2020-06-18,5.85065,2020-06-18,9.77675
2020-06-19,6.35103,2020-06-19,9.81524
2020-06-20,4.50346,2020-06-20,9.43033
2020-06-21,4.73441,2020-06-21,10.20015
2020-06-22,6.15858,2020-06-22,10.62355
2020-06-23,7.00538,2020-06-23,10.50808
2020-06-24,7.19784,2020-06-24,8.89145
2020-06-25,7.50577,2020-06-25,9.23787
2020-06-26,6.27405,2020-06-26,9.81524
2020-06-27,5.08083,2020-06-27,8.81447
2020-06-28,5.1963,2020-06-28,9.77675
2020-06-29,6.35103,2020-06-29,10.93148
2020-06-30,6.31254,2020-06-30,9.89222
2020-07-01,6.27405,2020-07-01,10.16166
2020-07-02,6.00461,2020-07-02,8.6605
2020-07-03,6.505,2020-07-03,9.46882
2020-07-04,3.8876,2020-07-04,8.85296
2020-07-05,4.11855,2020-07-05,10.00769
2020-07-06,5.11932,2020-07-06,11.12394
2020-07-07,6.35103,2020-07-07,9.66127
2020-07-08,6.0816,2020-07-08,11.16243
2020-07-09,5.58121,2020-07-09,10.81601
2020-07-10,5.23479,2020-07-10,9.62278
2020-07-11,4.42648,2020-07-11,6.62047
2020-07-12,5.6197,2020-07-12,7.15935
2020-07-13,6.12009,2020-07-13,9.39183
2020-07-14,6.12009,2020-07-14,11.73979
2020-07-15,6.0816,2020-07-15,15.01154
2020-07-16,5.81216,2020-07-16,22.67128
2020-07-17,5.42725,2020-07-17,14.81909
2020-07-18,4.00307,2020-07-18,10.04618
2020-07-19,4.84988,2020-07-19,11.62432
2020-07-20,5.46574,2020-07-20,13.51039
2020-07-21,5.38876,2020-07-21,11.16243
2020-07-22,6.04311,2020-07-22,10.93148
2020-07-23,6.505,2020-07-23,10.12317
2020-07-24,5.15781,2020-07-24,8.85296
2020-07-25,3.84911,2020-07-25,11.20092
2020-07-26,4.84988,2020-07-26,10.89299
2020-07-27,5.69668,2020-07-27,12.43264
2020-07-28,6.46651,2020-07-28,11.93225
2020-07-29,5.69668,2020-07-29,11.43187
2020-07-30,5.50423,2020-07-30,13.31793
2020-07-31,5.23479,2020-07-31,11.50885
2020-08-01,4.42648,2020-08-01,9.1224
2020-08-02,4.00307,2020-08-02,9.85373
2020-08-03,5.00384,2020-08-03,11.85527
2020-08-04,5.04234,2020-08-04,9.62278
2020-08-05,5.00384,2020-08-05,10.96997
2020-08-06,5.35026,2020-08-06,11.08545
2020-08-07,6.12009,2020-08-07,10.89299
2020-08-08,3.84911,2020-08-08,9.69976
2020-08-09,4.69591,2020-08-09,10.8545
2020-08-10,5.69668,2020-08-10,12.62509
2020-08-11,5.31177,2020-08-11,11.04695
2020-08-12,5.65819,2020-08-12,11.77829
2020-08-13,4.96535,2020-08-13,11.31639
2020-08-14,5.11932,2020-08-14,11.54734
2020-08-15,4.27251,2020-08-15,9.9692
2020-08-16,4.42648,2020-08-16,9.16089
2020-08-17,4.84988,2020-08-17,12.08622
2020-08-18,4.69591,2020-08-18,13.81832
2020-08-19,4.92686,2020-08-19,11.50885
2020-08-20,5.65819,2020-08-20,11.93225
2020-08-21,4.92686,2020-08-21,10.04618
2020-08-22,4.00307,2020-08-22,11.47036
2020-08-23,3.4642,2020-08-23,15.58891
2020-08-24,6.62047,2020-08-24,14.85758
2020-08-25,5.27328,2020-08-25,12.31716
2020-08-26,5.35026,2020-08-26,11.97074
2020-08-27,6.65896,2020-08-27,12.00923
2020-08-28,5.38876,2020-08-28,15.6274
2020-08-29,4.65742,2020-08-29,16.9361
2020-08-30,4.38799,2020-08-30,17.32101
2020-08-31,6.19707,2020-08-31,17.55196
2020-09-01,4.08006,2020-09-01,14.08775
2020-09-02,6.12009,2020-09-02,16.0508
2020-09-03,5.42725,2020-09-03,15.204
2020-09-04,4.34949,2020-09-04,14.7421
2020-09-05,2.04003,2020-09-05,13.31793
2020-09-06,4.27251,2020-09-06,14.16474
2020-09-07,5.04234,2020-09-07,15.16551
2020-09-08,5.15781,2020-09-08,14.89607
2020-09-09,5.88914,2020-09-09,15.16551
2020-09-10,5.92763,2020-09-10,14.35719
2020-09-11,5.77367,2020-09-11,14.54965
2020-09-12,3.96458,2020-09-12,14.58814
2020-09-13,4.81139,2020-09-13,17.20554
2020-09-14,5.88914,2020-09-14,16.58968
2020-09-15,5.77367,2020-09-15,16.9361
2020-09-16,6.62047,2020-09-16,13.97228
2020-09-17,6.35103,2020-09-17,15.16551
2020-09-18,5.27328,2020-09-18,12.66358
2020-09-19,4.46497,2020-09-19,16.12779
2020-09-20,5.11932,2020-09-20,15.66589
2020-09-21,5.6197,2020-09-21,15.6274
2020-09-22,6.54349,2020-09-22,15.55042
2020-09-23,6.00461,2020-09-23,13.8953
2020-09-24,5.27328,2020-09-24,14.43418
2020-09-25,4.92686,2020-09-25,12.66358
2020-09-26,4.00307,2020-09-26,12.81755
2020-09-27,3.81062,2020-09-27,13.12548
2020-09-28,5.15781,2020-09-28,13.16397
2020-09-29,4.34949,2020-09-29,12.81755
2020-09-30,3.8876,2020-09-30,13.74133
2020-10-01,3.34872,2020-10-01,13.62586
2020-10-02,3.34872,2020-10-02,12.27867
2020-10-03,2.77136,2020-10-03,15.204
2020-10-04,3.27174,2020-10-04,14.7421
2020-10-05,4.34949,2020-10-05,15.81986
2020-10-06,5.85065,2020-10-06,14.28021
2020-10-07,5.6197,2020-10-07,14.16474
2020-10-08,5.15781,2020-10-08,13.01
2020-10-09,4.11855,2020-10-09,12.39414
2020-10-10,4.08006,2020-10-10,14.70361
2020-10-11,4.311,2020-10-11,13.4719
2020-10-12,4.69591,2020-10-12,13.66435
2020-10-13,6.04311,2020-10-13,14.58814
2020-10-14,6.81293,2020-10-14,15.55042
2020-10-15,5.11932,2020-10-15,15.89684
2020-10-16,6.505,2020-10-16,14.7421
2020-10-17,5.1963,2020-10-17,11.58583
2020-10-18,5.50423,2020-10-18,15.01154
2020-10-19,6.12009,2020-10-19,13.08698
2020-10-20,5.92763,2020-10-20,14.3187
2020-10-21,5.42725,2020-10-21,13.35642
2020-10-22,6.31254,2020-10-22,13.4719
2020-10-23,4.96535,2020-10-23,13.43341
2020-10-24,5.77367,2020-10-24,13.20246
2020-10-25,4.27251,2020-10-25,14.51116
2020-10-26,6.46651,2020-10-26,15.78137
2020-10-27,6.73595,2020-10-27,12.74056
2020-10-28,5.46574,2020-10-28,12.93302
2020-10-29,4.54195,2020-10-29,12.97151
2020-10-30,6.00461,2020-10-30,11.89376
2020-10-31,4.15704,2020-10-31,12.70207
2020-11-01,4.92686,2020-11-01,13.4719
2020-11-02,5.58121,2020-11-02,14.24172
2020-11-03,6.65896,2020-11-03,16.39722
2020-11-04,4.65742,2020-11-04,15.16551
2020-11-05,5.1963,2020-11-05,13.70284
2020-11-06,5.04234,2020-11-06,11.89376
2020-11-07,4.23402,2020-11-07,13.20246
2020-11-08,4.11855,2020-11-08,14.54965
2020-11-09,5.69668,2020-11-09,14.70361
2020-11-10,6.35103,2020-11-10,11.39337
2020-11-11,5.46574,2020-11-11,11.12394
2020-11-12,6.35103,2020-11-12,11.93225
2020-11-13,4.84988,2020-11-13,14.08775
2020-11-14,3.92609,2020-11-14,11.81678
2020-11-15,4.311,2020-11-15,12.89453
2020-11-16,6.27405,2020-11-16,13.51039
2020-11-17,6.19707,2020-11-17,12.50962
2020-11-18,5.65819,2020-11-18,12.5866
2020-11-19,6.65896,2020-11-19,12.04772
2020-11-20,5.04234,2020-11-20,12.50962
2020-11-21,5.42725,2020-11-21,13.01
2020-11-22,4.27251,2020-11-22,12.5866
2020-11-23,5.73518,2020-11-23,13.35642
2020-11-24,6.81293,2020-11-24,12.85604
2020-11-25,7.04387,2020-11-25,13.51039
2020-11-26,6.35103,2020-11-26,13.62586
2020-11-27,6.04311,2020-11-27,12.24018
2020-11-28,5.00384,2020-11-28,13.51039
2020-11-29,4.42648,2020-11-29,12.39414
2020-11-30,5.54272,2020-11-30,13.8953
2020-12-01,5.85065,2020-12-01,13.12548
2020-12-02,5.58121,2020-12-02,11.39337
2020-12-03,5.31177,2020-12-03,12.27867
2020-12-04,4.92686,2020-12-04,12.24018
2020-12-05,5.11932,2020-12-05,11.89376
2020-12-06,5.23479,2020-12-06,13.51039
2020-12-07,5.54272,2020-12-07,10.31562
2020-12-08,5.73518,2020-12-08,12.89453
2020-12-09,6.31254,2020-12-09,11.58583
2020-12-10,4.92686,2020-12-10,10.4311
2020-12-11,6.12009,2020-12-11,11.85527
2020-12-12,5.04234,2020-12-12,11.23941
2020-12-13,4.27251,2020-12-13,11.66281
2020-12-14,5.31177,2020-12-14,13.4719
2020-12-15,5.38876,2020-12-15,11.97074
2020-12-16,5.27328,2020-12-16,12.77906
2020-12-17,5.04234,2020-12-17,9.81524
2020-12-18,4.69591,2020-12-18,10.62355
2020-12-19,4.15704,2020-12-19,10.66204
2020-12-20,5.00384,2020-12-20,12.93302
2020-12-21,5.31177,2020-12-21,12.50962
2020-12-22,5.15781,2020-12-22,11.73979
2020-12-23,5.15781,2020-12-23,9.73826
2020-12-24,4.19553,2020-12-24,8.16012
2020-12-25,3.61816,2020-12-25,9.00692
2020-12-26,3.54118,2020-12-26,11.89376
2020-12-27,4.15704,2020-12-27,13.4719
2020-12-28,4.04157,2020-12-28,11.85527
2020-12-29,4.61893,2020-12-29,12.12471
2020-12-30,4.42648,2020-12-30,10.81601
2020-12-31,3.69515,2020-12-31,9.9692
2021-01-01,3.27174,2021-01-01,11.31639
2021-01-02,3.81062,2021-01-02,13.58737
2021-01-03,3.34872,2021-01-03,14.81909
2021-01-04,4.61893,2021-01-04,13.16397
2021-01-05,4.73441,2021-01-05,12.31716
2021-01-06,4.19553,2021-01-06,12.5866
2021-01-07,4.7729,2021-01-07,10.8545
2021-01-08,4.61893,2021-01-08,10.00769
2021-01-09,4.46497,2021-01-09,10.8545
2021-01-10,3.92609,2021-01-10,11.35488
2021-01-11,5.00384,2021-01-11,11.43187
2021-01-12,5.27328,2021-01-12,12.74056
2021-01-13,5.11932,2021-01-13,9.73826
2021-01-14,4.11855,2021-01-14,12.08622
2021-01-15,4.73441,2021-01-15,11.20092
2021-01-16,4.81139,2021-01-16,14.28021
2021-01-17,4.81139,2021-01-17,16.35873
2021-01-18,5.73518,2021-01-18,13.8953
2021-01-19,6.0816,2021-01-19,12.5866
2021-01-20,5.38876,2021-01-20,12.93302
2021-01-21,5.27328,2021-01-21,11.54734
2021-01-22,6.12009,2021-01-22,10.62355
2021-01-23,4.46497,2021-01-23,13.27944
2021-01-24,4.46497,2021-01-24,13.62586
2021-01-25,6.00461,2021-01-25,11.85527
2021-01-26,6.38953,2021-01-26,13.08698
2021-01-27,5.46574,2021-01-27,11.31639
2021-01-28,4.84988,2021-01-28,9.77675
2021-01-29,5.31177,2021-01-29,9.04541
2021-01-30,4.15704,2021-01-30,12.27867
2021-01-31,4.58044,2021-01-31,10.81601
2021-02-01,6.46651,2021-02-01,11.08545
2021-02-02,5.1963,2021-02-02,11.97074
2021-02-03,5.46574,2021-02-03,13.51039
2021-02-04,5.65819,2021-02-04,16.55119
2021-02-05,4.69591,2021-02-05,10.77752
2021-02-06,4.311,2021-02-06,11.43187
2021-02-07,4.15704,2021-02-07,10.96997
2021-02-08,5.69668,2021-02-08,10.46959
2021-02-09,4.81139,2021-02-09,10.66204
2021-02-10,4.84988,2021-02-10,8.00615
2021-02-11,3.96458,2021-02-11,8.00615
2021-02-12,3.27174,2021-02-12,9.35334
2021-02-13,4.08006,2021-02-13,10.31562
2021-02-14,4.19553,2021-02-14,12.77906
2021-02-15,4.54195,2021-02-15,11.2779
2021-02-16,4.96535,2021-02-16,12.04772
2021-02-17,4.88837,2021-02-17,11.23941
2021-02-18,4.92686,2021-02-18,11.20092
2021-02-19,4.7729,2021-02-19,10.89299
2021-02-20,4.7729,2021-02-20,10.50808
2021-02-21,17.59045,2021-02-21,11.58583
2021-02-22,7.8137,2021-02-22,12.62509
2021-02-23,6.505,2021-02-23,10.93148
2021-02-24,5.88914,2021-02-24,10.50808
2021-02-25,5.46574,2021-02-25,10.00769
2021-02-26,4.96535,2021-02-26,9.31485
2021-02-27,7.96766,2021-02-27,10.27713
2021-02-28,6.69745,2021-02-28,10.12317
2021-03-01,5.00384,2021-03-01,10.20015
2021-03-02,5.1963,2021-03-02,10.89299
2021-03-03,5.96612,2021-03-03,9.46882
2021-03-04,6.19707,2021-03-04,10.50808
2021-03-05,5.81216,2021-03-05,9.19938
2021-03-06,5.31177,2021-03-06,11.08545
2021-03-07,4.65742,2021-03-07,10.81601
2021-03-08,6.31254,2021-03-08,10.70053
2021-03-09,6.85142,2021-03-09,9.5458
2021-03-10,6.0816,2021-03-10,11.20092
2021-03-11,6.65896,2021-03-11,9.9692
2021-03-12,6.35103,2021-03-12,8.73749
2021-03-13,4.92686,2021-03-13,10.58506
2021-03-14,5.38876,2021-03-14,10.27713
2021-03-15,7.50577,2021-03-15,8.92994
2021-03-16,6.65896,2021-03-16,9.62278
2021-03-17,6.54349,2021-03-17,9.19938
2021-03-18,7.00538,2021-03-18,10.16166
2021-03-19,6.00461,2021-03-19,11.77829
2021-03-20,5.27328,2021-03-20,11.47036
2021-03-21,5.31177,2021-03-21,12.77906
2021-03-22,6.38953,2021-03-22,11.2779
2021-03-23,6.00461,2021-03-23,10.46959
2021-03-24,6.12009,2021-03-24,9.50731
2021-03-25,7.3903,2021-03-25,9.77675
2021-03-26,5.00384,2021-03-26,9.73826
2021-03-27,4.54195,2021-03-27,13.58737
2021-03-28,5.11932,2021-03-28,10.58506
2021-03-29,6.42802,2021-03-29,12.08622
2021-03-30,7.19784,2021-03-30,10.8545
2021-03-31,6.77444,2021-03-31,9.1224
2021-04-01,5.31177,2021-04-01,9.19938
2021-04-02,5.11932,2021-04-02,9.46882
2021-04-03,5.11932,2021-04-03,10.20015
2021-04-04,7.00538,2021-04-04,9.58429
2021-04-05,6.81293,2021-04-05,9.77675
2021-04-06,6.19707,2021-04-06,11.2779
2021-04-07,5.96612,2021-04-07,10.54657
2021-04-08,6.81293,2021-04-08,11.62432
2021-04-09,5.50423,2021-04-09,9.04541
2021-04-10,4.96535,2021-04-10,9.35334
2021-04-11,5.00384,2021-04-11,10.31562
2021-04-12,7.19784,2021-04-12,10.81601
2021-04-13,6.96689,2021-04-13,10.58506
2021-04-14,7.19784,2021-04-14,10.23864
2021-04-15,7.58275,2021-04-15,8.46805
2021-04-16,7.08237,2021-04-16,9.89222
2021-04-17,5.81216,2021-04-17,7.3903
2021-04-18,5.08083,2021-04-18,9.66127
2021-04-19,6.62047,2021-04-19,9.81524
2021-04-20,7.54426,2021-04-20,11.20092
2021-04-21,6.46651,2021-04-21,8.6605
2021-04-22,7.46728,2021-04-22,10.08468
2021-04-23,6.42802,2021-04-23,8.39107
2021-04-24,6.00461,2021-04-24,19.5535
2021-04-25,5.31177,2021-04-25,10.20015
2021-04-26,6.15858,2021-04-26,10.23864
2021-04-27,6.38953,2021-04-27,9.58429
2021-04-28,7.62124,2021-04-28,9.35334
2021-04-29,6.9284,2021-04-29,8.35257
2021-04-30,5.88914,2021-04-30,8.54503
2021-05-01,5.54272,2021-05-01,8.54503
2021-05-02,4.65742,2021-05-02,9.81524
2021-05-03,6.42802,2021-05-03,9.1224
2021-05-04,6.505,2021-05-04,9.89222
2021-05-05,5.54272,2021-05-05,8.50654
2021-05-06,6.00461,2021-05-06,9.04541
2021-05-07,5.69668,2021-05-07,9.16089
2021-05-08,5.15781,2021-05-08,8.54503
2021-05-09,5.96612,2021-05-09,11.2779
2021-05-10,7.85219,2021-05-10,13.8953
2021-05-11,7.3518,2021-05-11,10.8545
2021-05-12,5.92763,2021-05-12,9.58429
2021-05-13,6.62047,2021-05-13,8.89145
2021-05-14,6.77444,2021-05-14,9.9692
2021-05-15,5.81216,2021-05-15,12.43264
2021-05-16,5.6197,2021-05-16,10.20015
2021-05-17,5.50423,2021-05-17,9.93071
2021-05-18,7.00538,2021-05-18,8.73749
2021-05-19,5.27328,2021-05-19,7.69822
2021-05-20,8.62201,2021-05-20,11.47036
2021-05-21,7.08237,2021-05-21,9.31485
2021-05-22,6.73595,2021-05-22,9.35334
2021-05-23,5.85065,2021-05-23,10.3926
2021-05-24,7.27482,2021-05-24,10.27713
2021-05-25,8.04464,2021-05-25,8.62201
2021-05-26,8.50654,2021-05-26,8.85296
2021-05-27,7.65973,2021-05-27,10.31562
2021-05-28,6.12009,2021-05-28,8.6605
2021-05-29,4.88837,2021-05-29,8.27559
2021-05-30,5.1963,2021-05-30,9.16089
2021-05-31,7.04387,2021-05-31,10.16166
2021-06-01,7.04387,2021-06-01,9.23787
2021-06-02,7.3518,2021-06-02,9.58429
2021-06-03,6.38953,2021-06-03,10.12317
2021-06-04,6.0816,2021-06-04,9.89222
2021-06-05,4.38799,2021-06-05,9.00692
2021-06-06,5.38876,2021-06-06,8.81447
2021-06-07,6.81293,2021-06-07,9.43033
2021-06-08,8.42956,2021-06-08,10.4311
2021-06-09,7.92917,2021-06-09,8.08314
2021-06-10,8.62201,2021-06-10,9.27636
2021-06-11,6.19707,2021-06-11,8.16012
2021-06-12,5.42725,2021-06-12,9.46882
2021-06-13,5.11932,2021-06-13,9.81524
2021-06-14,8.00615,2021-06-14,10.70053
2021-06-15,6.9284,2021-06-15,10.54657
2021-06-16,8.00615,2021-06-16,10.62355
2021-06-17,7.31331,2021-06-17,10.3926
2021-06-18,5.50423,2021-06-18,9.9692
2021-06-19,4.81139,2021-06-19,8.92994
2021-06-20,5.50423,2021-06-20,13.08698
2021-06-21,5.88914,2021-06-21,10.81601
2021-06-22,6.96689,2021-06-22,10.50808
2021-06-23,6.85142,2021-06-23,11.16243
2021-06-24,6.69745,2021-06-24,10.35411
2021-06-25,5.65819,2021-06-25,9.9692
2021-06-26,6.12009,2021-06-26,9.43033
2021-06-27,4.58044,2021-06-27,9.5458
2021-06-28,6.42802,2021-06-28,10.58506
2021-06-29,6.65896,2021-06-29,10.81601
2021-06-30,6.0816,2021-06-30,9.00692
2021-07-01,5.54272,2021-07-01,9.77675
2021-07-02,4.92686,2021-07-02,8.96843
2021-07-03,5.85065,2021-07-03,10.35411
2021-07-04,5.35026,2021-07-04,9.93071
2021-07-05,6.00461,2021-07-05,10.8545
2021-07-06,6.04311,2021-07-06,11.31639
2021-07-07,6.54349,2021-07-07,9.35334
2021-07-08,6.12009,2021-07-08,9.85373
2021-07-09,7.3903,2021-07-09,9.81524
2021-07-10,4.73441,2021-07-10,9.69976
2021-07-11,5.65819,2021-07-11,10.20015
2021-07-12,7.3518,2021-07-12,12.47113
2021-07-13,6.38953,2021-07-13,10.73903
2021-07-14,5.58121,2021-07-14,9.93071
2021-07-15,6.42802,2021-07-15,11.54734
2021-07-16,5.00384,2021-07-16,10.20015
2021-07-17,4.73441,2021-07-17,9.04541
2021-07-18,4.08006,2021-07-18,10.81601
2021-07-19,5.27328,2021-07-19,11.2779
2021-07-20,6.27405,2021-07-20,9.35334
2021-07-21,5.96612,2021-07-21,10.04618
2021-07-22,4.65742,2021-07-22,9.9692
2021-07-23,5.6197,2021-07-23,10.58506
2021-07-24,3.69515,2021-07-24,9.85373
2021-07-25,3.8876,2021-07-25,11.16243
2021-07-26,5.08083,2021-07-26,12.77906
2021-07-27,4.65742,2021-07-27,10.04618
2021-07-28,5.6197,2021-07-28,11.04695
2021-07-29,4.88837,2021-07-29,10.04618
2021-07-30,5.1963,2021-07-30,8.81447
2021-07-31,4.92686,2021-07-31,10.16166
2021-08-01,5.04234,2021-08-01,11.2779
2021-08-02,4.08006,2021-08-02,11.31639
2021-08-03,5.88914,2021-08-03,12.50962
2021-08-04,5.54272,2021-08-04,11.89376
2021-08-05,6.04311,2021-08-05,10.70053
2021-08-06,5.23479,2021-08-06,12.20169
2021-08-07,4.50346,2021-08-07,12.31716
2021-08-08,4.73441,2021-08-08,13.12548
2021-08-09,6.35103,2021-08-09,12.39414
2021-08-10,5.73518,2021-08-10,12.04772
2021-08-11,5.08083,2021-08-11,15.16551
2021-08-12,5.46574,2021-08-12,14.81909
2021-08-13,5.88914,2021-08-13,12.66358
2021-08-14,4.61893,2021-08-14,12.97151
2021-08-15,5.35026,2021-08-15,12.77906
2021-08-16,4.46497,2021-08-16,13.8953
2021-08-17,5.81216,2021-08-17,13.8953
2021-08-18,6.31254,2021-08-18,12.62509
2021-08-19,7.00538,2021-08-19,13.31793
2021-08-20,5.85065,2021-08-20,12.93302
2021-08-21,4.81139,2021-08-21,12.31716
2021-08-22,5.35026,2021-08-22,13.93379
2021-08-23,6.00461,2021-08-23,18.82217
2021-08-24,7.23633,2021-08-24,24.67282
2021-08-25,6.12009,2021-08-25,13.97228
2021-08-26,6.27405,2021-08-26,13.70284
2021-08-27,5.50423,2021-08-27,12.43264
2021-08-28,5.38876,2021-08-28,15.12702
2021-08-29,5.27328,2021-08-29,14.24172
2021-08-30,6.69745,2021-08-30,15.74287
2021-08-31,6.27405,2021-08-31,13.16397
2021-09-01,6.77444,2021-09-01,13.77983
2021-09-02,5.65819,2021-09-02,16.32024
2021-09-03,5.31177,2021-09-03,12.62509
2021-09-04,3.8876,2021-09-04,14.66512
2021-09-05,4.7729,2021-09-05,15.35796
2021-09-06,7.31331,2021-09-06,13.97228
2021-09-07,7.04387,2021-09-07,13.31793
2021-09-08,6.23556,2021-09-08,13.16397
2021-09-09,6.15858,2021-09-09,13.97228
2021-09-10,6.81293,2021-09-10,11.62432
2021-09-11,5.35026,2021-09-11,12.47113
2021-09-12,6.19707,2021-09-12,15.47344
2021-09-13,6.19707,2021-09-13,13.4719
2021-09-14,7.15935,2021-09-14,14.70361
2021-09-15,6.31254,2021-09-15,13.27944
2021-09-16,5.69668,2021-09-16,11.97074
2021-09-17,4.65742,2021-09-17,14.93456
2021-09-18,4.23402,2021-09-18,17.01308
2021-09-19,4.73441,2021-09-19,11.89376
2021-09-20,3.65665,2021-09-20,13.54888
2021-09-21,3.57967,2021-09-21,14.58814
2021-09-22,5.50423,2021-09-22,15.70438
2021-09-23,6.62047,2021-09-23,17.89838
2021-09-24,6.85142,2021-09-24,18.55273
2021-09-25,5.58121,2021-09-25,16.0508
2021-09-26,6.23556,2021-09-26,16.97459
2021-09-27,6.73595,2021-09-27,19.5535
2021-09-28,6.35103,2021-09-28,22.47882
2021-09-29,6.85142,2021-09-29,19.16859
2021-09-30,5.08083,2021-09-30,15.97382
2021-10-01,6.04311,2021-10-01,14.24172
2021-10-02,4.61893,2021-10-02,15.89684
2021-10-03,4.65742,2021-10-03,14.62663
2021-10-04,5.23479,2021-10-04,19.39953
2021-10-05,6.54349,2021-10-05,14.20323
2021-10-06,5.27328,2021-10-06,14.7806
2021-10-07,6.73595,2021-10-07,20.47729
2021-10-08,5.73518,2021-10-08,16.12779
2021-10-09,4.58044,2021-10-09,13.54888
2021-10-10,4.50346,2021-10-10,15.58891
2021-10-11,5.00384,2021-10-11,14.58814
2021-10-12,5.6197,2021-10-12,17.66743
2021-10-13,5.04234,2021-10-13,17.70592
2021-10-14,6.0816,2021-10-14,15.97382
2021-10-15,5.85065,2021-10-15,16.16628
2021-10-16,4.58044,2021-10-16,16.12779
2021-10-17,4.311,2021-10-17,15.85835
2021-10-18,6.46651,2021-10-18,14.81909
2021-10-19,4.92686,2021-10-19,13.66435
2021-10-20,5.15781,2021-10-20,14.28021
2021-10-21,5.46574,2021-10-21,12.81755
2021-10-22,4.19553,2021-10-22,13.24095
2021-10-23,3.27174,2021-10-23,12.70207
2021-10-24,5.77367,2021-10-24,17.59045
2021-10-25,5.96612,2021-10-25,14.47267
2021-10-26,6.73595,2021-10-26,15.24249
2021-10-27,5.27328,2021-10-27,14.28021
2021-10-28,5.04234,2021-10-28,13.12548
2021-10-29,4.96535,2021-10-29,13.51039
2021-10-30,3.96458,2021-10-30,10.77752
2021-10-31,4.00307,2021-10-31,13.58737
2021-11-01,5.31177,2021-11-01,14.35719
2021-11-02,4.92686,2021-11-02,14.62663
2021-11-03,6.38953,2021-11-03,13.93379
2021-11-04,6.23556,2021-11-04,13.97228
2021-11-05,4.54195,2021-11-05,13.12548
2021-11-06,4.15704,2021-11-06,11.23941
2021-11-07,4.46497,2021-11-07,13.97228
2021-11-08,5.81216,2021-11-08,14.3187
2021-11-09,6.23556,2021-11-09,12.97151
2021-11-10,5.23479,2021-11-10,14.93456
2021-11-11,5.15781,2021-11-11,12.31716
2021-11-12,5.6197,2021-11-12,12.77906
2021-11-13,4.73441,2021-11-13,14.20323
2021-11-14,7.15935,2021-11-14,15.66589
2021-11-15,6.27405,2021-11-15,15.05003
2021-11-16,5.77367,2021-11-16,13.27944
2021-11-17,6.31254,2021-11-17,12.43264
2021-11-18,5.1963,2021-11-18,12.50962
2021-11-19,5.65819,2021-11-19,11.93225
2021-11-20,4.34949,2021-11-20,13.24095
2021-11-21,5.04234,2021-11-21,11.08545
2021-11-22,4.96535,2021-11-22,13.81832
2021-11-23,4.61893,2021-11-23,13.85681
2021-11-24,6.69745,2021-11-24,11.2779
2021-11-25,6.27405,2021-11-25,12.20169
2021-11-26,4.65742,2021-11-26,12.1632
2021-11-27,4.19553,2021-11-27,9.58429
2021-11-28,4.84988,2021-11-28,14.08775
2021-11-29,5.77367,2021-11-29,14.7421
2021-11-30,5.81216,2021-11-30,12.43264
2021-12-01,5.23479,2021-12-01,10.96997
2021-12-02,6.69745,2021-12-02,11.73979
2021-12-03,4.65742,2021-12-03,9.43033
2021-12-04,4.88837,2021-12-04,10.3926
2021-12-05,5.81216,2021-12-05,21.13163
2021-12-06,7.62124,2021-12-06,16.01231
2021-12-07,6.0816,2021-12-07,14.39568
2021-12-08,6.04311,2021-12-08,12.77906
2021-12-09,6.42802,2021-12-09,14.24172
2021-12-10,6.15858,2021-12-10,11.62432
2021-12-11,5.31177,2021-12-11,13.01
2021-12-12,5.6197,2021-12-12,17.24403
2021-12-13,5.23479,2021-12-13,14.54965
2021-12-14,4.96535,2021-12-14,11.85527
2021-12-15,5.77367,2021-12-15,11.81678
2021-12-16,5.69668,2021-12-16,9.66127
2021-12-17,5.1963,2021-12-17,11.93225
2021-12-18,3.57967,2021-12-18,10.3926
2021-12-19,3.96458,2021-12-19,13.81832
2021-12-20,4.73441,2021-12-20,14.54965
2021-12-21,5.88914,2021-12-21,10.35411
2021-12-22,5.50423,2021-12-22,10.00769
2021-12-23,5.31177,2021-12-23,12.62509
2021-12-24,4.46497,2021-12-24,9.66127
2021-12-25,3.77213,2021-12-25,8.31408
2021-12-26,3.84911,2021-12-26,12.85604
2021-12-27,4.34949,2021-12-27,11.89376
2021-12-28,4.73441,2021-12-28,13.01
2021-12-29,4.34949,2021-12-29,13.35642
2021-12-30,4.23402,2021-12-30,13.35642
2021-12-31,4.50346,2021-12-31,10.46959
2022-01-01,3.96458,2022-01-01,10.04618
2022-01-02,4.50346,2022-01-02,14.12625
2022-01-03,5.11932,2022-01-03,16.01231
2022-01-04,5.81216,2022-01-04,45.45804
2022-01-05,5.15781,2022-01-05,100.0
2022-01-06,6.27405,2022-01-06,78.40646
2022-01-07,5.46574,2022-01-07,51.88606
2022-01-08,4.11855,2022-01-08,29.25327
2022-01-09,4.84988,2022-01-09,28.56043
2022-01-10,7.00538,2022-01-10,34.18013
2022-01-11,6.23556,2022-01-11,27.67513
2022-01-12,6.96689,2022-01-12,20.70823
2022-01-13,5.85065,2022-01-13,32.79445
2022-01-14,6.23556,2022-01-14,25.71208
2022-01-15,4.69591,2022-01-15,20.05388
2022-01-16,6.04311,2022-01-16,18.93764
2022-01-17,6.31254,2022-01-17,17.05157
2022-01-18,6.0816,2022-01-18,15.85835
2022-01-19,4.92686,2022-01-19,15.70438
2022-01-20,6.00461,2022-01-20,14.12625
2022-01-21,5.04234,2022-01-21,21.36258
2022-01-22,5.04234,2022-01-22,13.70284
2022-01-23,4.61893,2022-01-23,13.27944
2022-01-24,7.77521,2022-01-24,8.58352
2022-01-25,5.77367,2022-01-25,9.16089
2022-01-26,6.35103,2022-01-26,8.16012
2022-01-27,6.23556,2022-01-27,8.50654
2022-01-28,6.38953,2022-01-28,8.54503
2022-01-29,4.15704,2022-01-29,10.66204
2022-01-30,3.42571,2022-01-30,9.93071
2022-01-31,3.81062,2022-01-31,8.85296
2022-02-01,3.42571,2022-02-01,11.2779
2022-02-02,4.88837,2022-02-02,14.01077
2022-02-03,5.6197,2022-02-03,9.58429
2022-02-04,5.04234,2022-02-04,9.89222
2022-02-05,3.84911,2022-02-05,12.12471
2022-02-06,6.04311,2022-02-06,12.31716
2022-02-07,6.38953,2022-02-07,9.66127
2022-02-08,6.81293,2022-02-08,9.93071
2022-02-09,5.96612,2022-02-09,11.23941
2022-02-10,6.73595,2022-02-10,8.81447
2022-02-11,5.58121,2022-02-11,8.89145
2022-02-12,5.73518,2022-02-12,14.3187
2022-02-13,5.96612,2022-02-13,11.20092
2022-02-14,5.00384,2022-02-14,8.77598
2022-02-15,8.62201,2022-02-15,9.50731
2022-02-16,7.00538,2022-02-16,8.12163
2022-02-17,6.96689,2022-02-17,10.3926
2022-02-18,6.54349,2022-02-18,12.50962
2022-02-19,5.65819,2022-02-19,12.50962
2022-02-20,4.92686,2022-02-20,11.85527
2022-02-21,7.77521,2022-02-21,15.24249
2022-02-22,5.69668,2022-02-22,11.31639
2022-02-23,6.77444,2022-02-23,11.31639
2022-02-24,6.88991,2022-02-24,11.35488
2022-02-25,5.69668,2022-02-25,12.08622
2022-02-26,6.04311,2022-02-26,11.81678
2022-02-27,4.23402,2022-02-27,10.62355
2022-02-28,6.9284,2022-02-28,10.31562
2022-03-01,6.15858,2022-03-01,10.12317
2022-03-02,5.96612,2022-03-02,9.9692
2022-03-03,7.12086,2022-03-03,8.6605
2022-03-04,5.85065,2022-03-04,9.73826
2022-03-05,5.42725,2022-03-05,10.12317
2022-03-06,5.65819,2022-03-06,10.73903
2022-03-07,7.04387,2022-03-07,10.89299
2022-03-08,5.92763,2022-03-08,9.93071
2022-03-09,4.04157,2022-03-09,8.16012
2022-03-10,6.42802,2022-03-10,10.04618
2022-03-11,5.96612,2022-03-11,9.66127
2022-03-12,6.00461,2022-03-12,8.6605
2022-03-13,5.73518,2022-03-13,12.39414
2022-03-14,7.19784,2022-03-14,11.81678
2022-03-15,5.65819,2022-03-15,28.17551
2022-03-16,6.31254,2022-03-16,14.47267
2022-03-17,6.65896,2022-03-17,11.2779
2022-03-18,5.92763,2022-03-18,9.23787
2022-03-19,5.1963,2022-03-19,12.47113
2022-03-20,6.46651,2022-03-20,12.81755
2022-03-21,5.1963,2022-03-21,11.47036
2022-03-22,6.69745,2022-03-22,12.47113
2022-03-23,6.42802,2022-03-23,10.70053
2022-03-24,5.77367,2022-03-24,10.08468
2022-03-25,4.88837,2022-03-25,10.16166
2022-03-26,5.46574,2022-03-26,9.77675
2022-03-27,5.85065,2022-03-27,11.31639
2022-03-28,6.62047,2022-03-28,12.89453
2022-03-29,6.62047,2022-03-29,13.39491
2022-03-30,7.3518,2022-03-30,11.58583
2022-03-31,6.31254,2022-03-31,11.43187
2022-04-01,6.58198,2022-04-01,11.12394
2022-04-02,6.505,2022-04-02,11.04695
2022-04-03,4.50346,2022-04-03,10.46959
2022-04-04,6.58198,2022-04-04,10.93148
2022-04-05,6.9284,2022-04-05,11.7013
2022-04-06,5.85065,2022-04-06,12.00923
2022-04-07,6.35103,2022-04-07,10.04618
2022-04-08,5.69668,2022-04-08,10.31562
2022-04-09,5.08083,2022-04-09,9.58429
2022-04-10,5.96612,2022-04-10,10.96997
2022-04-11,6.42802,2022-04-11,12.31716
2022-04-12,6.88991,2022-04-12,11.20092
2022-04-13,8.27559,2022-04-13,11.77829
2022-04-14,7.58275,2022-04-14,11.73979
2022-04-15,6.35103,2022-04-15,10.77752
2022-04-16,4.88837,2022-04-16,8.42956
2022-04-17,6.04311,2022-04-17,9.31485
2022-04-18,7.46728,2022-04-18,10.89299
2022-04-19,6.85142,2022-04-19,17.93687
2022-04-20,7.08237,2022-04-20,12.50962
2022-04-21,5.77367,2022-04-21,11.23941
2022-04-22,5.96612,2022-04-22,10.93148
2022-04-23,5.15781,2022-04-23,11.16243
2022-04-24,6.15858,2022-04-24,10.81601
2022-04-25,6.9284,2022-04-25,10.54657
2022-04-26,7.58275,2022-04-26,11.00846
2022-04-27,7.3903,2022-04-27,11.12394
2022-04-28,5.81216,2022-04-28,10.3926
2022-04-29,6.35103,2022-04-29,9.81524
2022-04-30,4.73441,2022-04-30,9.43033
2022-05-01,4.81139,2022-05-01,9.69976
2022-05-02,6.77444,2022-05-02,10.12317
2022-05-03,6.9284,2022-05-03,8.89145
2022-05-04,7.19784,2022-05-04,8.85296
2022-05-05,3.81062,2022-05-05,8.08314
2022-05-06,6.0816,2022-05-06,7.3903
2022-05-07,4.11855,2022-05-07,9.1224
2022-05-08,5.1963,2022-05-08,9.50731
2022-05-09,6.73595,2022-05-09,10.00769
2022-05-10,7.08237,2022-05-10,10.31562
2022-05-11,7.27482,2022-05-11,11.73979
2022-05-12,7.3518,2022-05-12,10.81601
2022-05-13,8.50654,2022-05-13,9.73826
2022-05-14,6.23556,2022-05-14,8.81447
2022-05-15,5.23479,2022-05-15,10.12317
2022-05-16,8.58352,2022-05-16,12.27867
2022-05-17,7.89068,2022-05-17,10.77752
2022-05-18,9.31485,2022-05-18,9.69976
2022-05-19,6.65896,2022-05-19,10.00769
2022-05-20,6.65896,2022-05-20,10.35411
2022-05-21,4.96535,2022-05-21,7.8137
2022-05-22,6.54349,2022-05-22,9.9692
2022-05-23,7.3518,2022-05-23,9.43033
2022-05-24,7.23633,2022-05-24,9.00692
2022-05-25,7.04387,2022-05-25,9.35334
2022-05-26,7.92917,2022-05-26,18.59122
2022-05-27,8.46805,2022-05-27,59.66127
2022-05-28,6.00461,2022-05-28,43.8799
2022-05-29,6.42802,2022-05-29,35.56581
2022-05-30,7.77521,2022-05-30,26.02001
2022-05-31,7.00538,2022-05-31,18.82217
2022-06-01,4.96535,2022-06-01,14.35719
2022-06-02,6.62047,2022-06-02,16.89761
2022-06-03,6.15858,2022-06-03,13.66435
2022-06-04,4.81139,2022-06-04,11.20092
2022-06-05,5.00384,2022-06-05,12.39414
2022-06-06,6.46651,2022-06-06,13.81832
2022-06-07,6.65896,2022-06-07,12.5866
2022-06-08,7.85219,2022-06-08,12.24018
2022-06-09,7.77521,2022-06-09,13.04849
2022-06-10,7.23633,2022-06-10,11.62432
2022-06-11,4.73441,2022-06-11,10.96997
2022-06-12,6.73595,2022-06-12,10.04618
2022-06-13,7.23633,2022-06-13,11.39337
2022-06-14,6.85142,2022-06-14,15.81986
2022-06-15,7.96766,2022-06-15,12.08622
2022-06-16,6.88991,2022-06-16,11.66281
2022-06-17,7.89068,2022-06-17,12.43264
2022-06-18,5.69668,2022-06-18,11.62432
2022-06-19,6.00461,2022-06-19,12.89453
2022-06-20,7.3518,2022-06-20,13.24095
2022-06-21,7.54426,2022-06-21,13.08698
2022-06-22,7.3903,2022-06-22,11.20092
2022-06-23,6.69745,2022-06-23,12.31716
2022-06-24,5.85065,2022-06-24,10.35411
2022-06-25,5.54272,2022-06-25,9.39183
2022-06-26,5.54272,2022-06-26,10.93148
2022-06-27,6.38953,2022-06-27,15.58891
2022-06-28,6.9284,2022-06-28,14.47267
2022-06-29,6.54349,2022-06-29,12.54811
2022-06-30,6.0816,2022-06-30,11.39337
2022-07-01,7.15935,2022-07-01,10.96997
2022-07-02,4.311,2022-07-02,10.93148
2022-07-03,5.6197,2022-07-03,11.23941
2022-07-04,7.00538,2022-07-04,12.54811
2022-07-05,6.77444,2022-07-05,11.85527
2022-07-06,6.19707,2022-07-06,12.00923
2022-07-07,7.23633,2022-07-07,12.54811
2022-07-08,5.54272,2022-07-08,12.39414
2022-07-09,4.311,2022-07-09,11.89376
2022-07-10,5.42725,2022-07-10,11.89376
2022-07-11,6.62047,2022-07-11,14.08775
2022-07-12,6.85142,2022-07-12,13.81832
2022-07-13,7.00538,2022-07-13,12.00923
2022-07-14,6.9284,2022-07-14,10.77752
2022-07-15,6.31254,2022-07-15,11.54734
2022-07-16,4.84988,2022-07-16,11.31639
2022-07-17,4.7729,2022-07-17,10.58506
2022-07-18,7.31331,2022-07-18,12.85604
2022-07-19,7.69822,2022-07-19,12.54811
2022-07-20,5.58121,2022-07-20,10.73903
2022-07-21,6.96689,2022-07-21,10.16166
2022-07-22,4.84988,2022-07-22,10.70053
2022-07-23,4.73441,2022-07-23,10.8545
2022-07-24,4.88837,2022-07-24,13.43341
2022-07-25,5.81216,2022-07-25,11.08545
2022-07-26,5.46574,2022-07-26,12.93302
2022-07-27,5.23479,2022-07-27,12.08622
2022-07-28,5.42725,2022-07-28,11.66281
2022-07-29,5.6197,2022-07-29,12.54811
2022-07-30,3.84911,2022-07-30,10.58506
2022-07-31,3.92609,2022-07-31,13.35642
2022-08-01,5.04234,2022-08-01,13.24095
2022-08-02,6.00461,2022-08-02,12.47113
2022-08-03,5.1963,2022-08-03,13.97228
2022-08-04,5.00384,2022-08-04,13.77983
2022-08-05,5.85065,2022-08-05,13.20246
2022-08-06,4.88837,2022-08-06,14.28021
2022-08-07,5.1963,2022-08-07,17.32101
2022-08-08,4.7729,2022-08-08,13.35642
2022-08-09,5.46574,2022-08-09,12.50962
2022-08-10,4.65742,2022-08-10,14.08775
2022-08-11,5.35026,2022-08-11,13.04849
2022-08-12,5.42725,2022-08-12,12.31716
2022-08-13,4.23402,2022-08-13,13.74133
2022-08-14,4.15704,2022-08-14,13.35642
2022-08-15,5.04234,2022-08-15,14.7806
2022-08-16,5.73518,2022-08-16,15.93533
2022-08-17,7.00538,2022-08-17,17.01308
2022-08-18,6.12009,2022-08-18,12.27867
2022-08-19,5.42725,2022-08-19,14.58814
2022-08-20,5.38876,2022-08-20,15.93533
2022-08-21,5.35026,2022-08-21,15.28098
2022-08-22,5.73518,2022-08-22,14.28021
2022-08-23,7.27482,2022-08-23,13.35642
2022-08-24,6.88991,2022-08-24,20.63125
2022-08-25,7.04387,2022-08-25,18.82217
2022-08-26,5.73518,2022-08-26,16.16628
2022-08-27,5.08083,2022-08-27,14.01077
2022-08-28,5.42725,2022-08-28,12.77906
2022-08-29,6.19707,2022-08-29,15.58891
2022-08-30,5.77367,2022-08-30,14.08775
2022-08-31,7.08237,2022-08-31,13.35642
2022-09-01,6.27405,2022-09-01,11.81678
2022-09-02,6.12009,2022-09-02,12.54811
2022-09-03,5.42725,2022-09-03,13.8953
2022-09-04,5.88914,2022-09-04,17.39799
2022-09-05,7.00538,2022-09-05,14.58814
2022-09-06,5.50423,2022-09-06,15.01154
2022-09-07,5.58121,2022-09-07,15.16551
2022-09-08,5.73518,2022-09-08,13.31793
2022-09-09,3.65665,2022-09-09,9.85373
2022-09-10,3.84911,2022-09-10,12.66358
2022-09-11,3.77213,2022-09-11,16.12779
2022-09-12,6.23556,2022-09-12,16.78214
2022-09-13,7.96766,2022-09-13,17.85989
2022-09-14,6.73595,2022-09-14,15.70438
2022-09-15,6.54349,2022-09-15,15.70438
2022-09-16,6.38953,2022-09-16,13.85681
2022-09-17,4.88837,2022-09-17,13.43341
2022-09-18,5.58121,2022-09-18,13.24095
2022-09-19,7.65973,2022-09-19,16.78214
2022-09-20,6.9284,2022-09-20,16.43571
2022-09-21,6.85142,2022-09-21,22.5943
2022-09-22,7.50577,2022-09-22,26.75134
2022-09-23,5.31177,2022-09-23,17.7829
2022-09-24,5.35026,2022-09-24,14.89607
2022-09-25,6.15858,2022-09-25,16.01231
2022-09-26,6.54349,2022-09-26,15.16551
2022-09-27,8.6605,2022-09-27,14.28021
2022-09-28,6.54349,2022-09-28,14.89607
2022-09-29,7.3518,2022-09-29,14.43418
2022-09-30,6.31254,2022-09-30,12.04772
2022-10-01,4.92686,2022-10-01,11.62432
2022-10-02,5.35026,2022-10-02,12.08622
2022-10-03,6.15858,2022-10-03,15.31947
2022-10-04,7.50577,2022-10-04,14.04926
2022-10-05,7.96766,2022-10-05,36.91301
2022-10-06,6.73595,2022-10-06,28.56043
2022-10-07,5.73518,2022-10-07,18.01385
2022-10-08,5.85065,2022-10-08,15.78137
2022-10-09,4.54195,2022-10-09,16.01231
2022-10-10,5.81216,2022-10-10,24.71131
2022-10-11,6.88991,2022-10-11,20.93918
2022-10-12,6.77444,2022-10-12,16.01231
2022-10-13,6.54349,2022-10-13,14.93456
2022-10-14,6.81293,2022-10-14,12.85604
2022-10-15,6.27405,2022-10-15,14.3187
2022-10-16,6.23556,2022-10-16,13.8953
2022-10-17,7.50577,2022-10-17,15.55042
2022-10-18,7.65973,2022-10-18,15.93533
2022-10-19,7.3903,2022-10-19,14.81909
2022-10-20,7.50577,2022-10-20,14.24172
2022-10-21,6.27405,2022-10-21,12.50962
2022-10-22,6.23556,2022-10-22,12.70207
2022-10-23,6.04311,2022-10-23,14.97305
2022-10-24,6.19707,2022-10-24,18.28329
2022-10-25,7.27482,2022-10-25,16.74364
2022-10-26,7.12086,2022-10-26,13.51039
2022-10-27,6.35103,2022-10-27,14.12625
2022-10-28,5.58121,2022-10-28,11.23941
2022-10-29,5.81216,2022-10-29,11.12394
2022-10-30,5.46574,2022-10-30,11.85527
2022-10-31,6.46651,2022-10-31,11.89376
2022-11-01,6.96689,2022-11-01,12.74056
2022-11-02,8.27559,2022-11-02,12.08622
2022-11-03,6.81293,2022-11-03,14.04926
2022-11-04,6.19707,2022-11-04,12.70207
2022-11-05,4.7729,2022-11-05,12.97151
2022-11-06,5.38876,2022-11-06,13.62586
2022-11-07,6.38953,2022-11-07,17.24403
2022-11-08,7.69822,2022-11-08,16.97459
2022-11-09,8.12163,2022-11-09,11.08545
2022-11-10,6.73595,2022-11-10,13.08698
2022-11-11,6.42802,2022-11-11,10.62355
2022-11-12,5.31177,2022-11-12,10.93148
2022-11-13,5.58121,2022-11-13,11.97074
2022-11-14,7.65973,2022-11-14,13.31793
2022-11-15,6.81293,2022-11-15,12.81755
2022-11-16,8.46805,2022-11-16,11.2779
2022-11-17,7.08237,2022-11-17,11.93225
2022-11-18,6.65896,2022-11-18,10.96997
2022-11-19,4.58044,2022-11-19,10.31562
2022-11-20,6.42802,2022-11-20,11.54734
2022-11-21,8.08314,2022-11-21,12.70207
2022-11-22,7.58275,2022-11-22,13.12548
2022-11-23,6.73595,2022-11-23,12.00923
2022-11-24,6.38953,2022-11-24,12.81755
2022-11-25,5.77367,2022-11-25,10.77752
2022-11-26,4.81139,2022-11-26,11.35488
2022-11-27,4.38799,2022-11-27,13.54888
2022-11-28,6.9284,2022-11-28,13.58737
2022-11-29,6.23556,2022-11-29,11.50885
2022-11-30,6.19707,2022-11-30,11.20092
2022-12-01,5.88914,2022-12-01,11.50885
2022-12-02,5.11932,2022-12-02,11.12394
2022-12-03,3.50269,2022-12-03,8.69899
2022-12-04,5.54272,2022-12-04,10.16166
2022-12-05,6.27405,2022-12-05,12.04772
2022-12-06,5.96612,2022-12-06,12.50962
2022-12-07,6.58198,2022-12-07,11.39337
2022-12-08,7.23633,2022-12-08,11.12394
2022-12-09,7.15935,2022-12-09,10.50808
2022-12-10,5.23479,2022-12-10,8.54503
2022-12-11,6.0816,2022-12-11,11.08545
2022-12-12,6.69745,2022-12-12,11.81678
2022-12-13,6.00461,2022-12-13,10.12317
2022-12-14,5.69668,2022-12-14,10.16166
2022-12-15,6.12009,2022-12-15,13.20246
2022-12-16,5.00384,2022-12-16,11.62432
2022-12-17,4.61893,2022-12-17,10.58506
2022-12-18,4.88837,2022-12-18,10.77752
2022-12-19,6.46651,2022-12-19,11.85527
2022-12-20,5.54272,2022-12-20,10.12317
2022-12-21,5.54272,2022-12-21,11.2779
2022-12-22,4.58044,2022-12-22,10.31562
2022-12-23,5.00384,2022-12-23,9.89222
2022-12-24,3.34872,2022-12-24,10.70053
2022-12-25,4.311,2022-12-25,10.73903
2022-12-26,5.54272,2022-12-26,10.54657
2022-12-27,5.81216,2022-12-27,11.43187
2022-12-28,6.04311,2022-12-28,11.43187
2022-12-29,7.23633,2022-12-29,11.47036
2022-12-30,4.58044,2022-12-30,9.50731
2022-12-31,4.00307,2022-12-31,9.62278
2023-01-01,4.46497,2023-01-01,9.69976
2023-01-02,5.88914,2023-01-02,8.04464
2023-01-03,5.65819,2023-01-03,14.16474
2023-01-04,6.81293,2023-01-04,8.04464
2023-01-05,5.31177,2023-01-05,7.89068
2023-01-06,5.85065,2023-01-06,7.04387
2023-01-07,4.96535,2023-01-07,11.08545
2023-01-08,4.92686,2023-01-08,13.8953
2023-01-09,7.3518,2023-01-09,10.70053
2023-01-10,7.19784,2023-01-10,11.50885
2023-01-11,6.00461,2023-01-11,11.81678
2023-01-12,7.54426,2023-01-12,11.62432
2023-01-13,6.23556,2023-01-13,13.20246
2023-01-14,5.46574,2023-01-14,12.08622
2023-01-15,6.15858,2023-01-15,10.81601
2023-01-16,6.35103,2023-01-16,12.43264
2023-01-17,7.23633,2023-01-17,11.04695
2023-01-18,7.50577,2023-01-18,12.1632
2023-01-19,6.81293,2023-01-19,6.9284
2023-01-20,6.23556,2023-01-20,4.96535
2023-01-21,4.42648,2023-01-21,10.12317
2023-01-22,4.311,2023-01-22,9.16089
2023-01-23,4.84988,2023-01-23,11.89376
2023-01-24,5.23479,2023-01-24,10.8545
2023-01-25,6.23556,2023-01-25,12.97151
2023-01-26,6.04311,2023-01-26,13.4719
2023-01-27,5.81216,2023-01-27,11.7013
2023-01-28,6.46651,2023-01-28,12.20169
2023-01-29,6.12009,2023-01-29,10.66204
2023-01-30,7.46728,2023-01-30,13.97228
2023-01-31,7.65973,2023-01-31,8.39107
2023-02-01,8.85296,2023-02-01,11.20092
2023-02-02,8.39107,2023-02-02,9.62278
2023-02-03,7.00538,2023-02-03,10.58506
2023-02-04,6.15858,2023-02-04,12.85604
2023-02-05,5.65819,2023-02-05,12.43264
2023-02-06,7.73672,2023-02-06,7.04387
2023-02-07,8.08314,2023-02-07,10.23864
2023-02-08,7.08237,2023-02-08,13.01
2023-02-09,8.27559,2023-02-09,7.42879
2023-02-10,7.50577,2023-02-10,8.58352
2023-02-11,5.88914,2023-02-11,11.50885
2023-02-12,6.38953,2023-02-12,11.20092
2023-02-13,7.19784,2023-02-13,11.85527
2023-02-14,8.27559,2023-02-14,13.16397
2023-02-15,7.65973,2023-02-15,13.66435
2023-02-16,8.2371,2023-02-16,12.81755
2023-02-17,9.62278,2023-02-17,15.39645
2023-02-18,8.85296,2023-02-18,11.7013
2023-02-19,7.31331,2023-02-19,12.24018
2023-02-20,6.69745,2023-02-20,18.09083
2023-02-21,8.31408,2023-02-21,14.20323
2023-02-22,7.96766,2023-02-22,12.31716
2023-02-23,9.23787,2023-02-23,11.7013
2023-02-24,8.62201,2023-02-24,10.89299
2023-02-25,7.04387,2023-02-25,11.2779
2023-02-26,8.62201,2023-02-26,11.31639
2023-02-27,7.96766,2023-02-27,16.78214
2023-02-28,7.42879,2023-02-28,14.35719
2023-03-01,8.27559,2023-03-01,11.85527
2023-03-02,7.89068,2023-03-02,13.16397
2023-03-03,8.92994,2023-03-03,13.8953
2023-03-04,6.85142,2023-03-04,10.16166
2023-03-05,7.46728,2023-03-05,11.31639
2023-03-06,8.46805,2023-03-06,8.46805
2023-03-07,8.81447,2023-03-07,10.70053
2023-03-08,8.96843,2023-03-08,10.96997
2023-03-09,7.12086,2023-03-09,8.81447
2023-03-10,6.65896,2023-03-10,9.69976
2023-03-11,5.46574,2023-03-11,9.08391
2023-03-12,6.62047,2023-03-12,8.54503
2023-03-13,8.27559,2023-03-13,10.89299
2023-03-14,9.31485,2023-03-14,10.08468
2023-03-15,8.46805,2023-03-15,9.69976
2023-03-16,8.39107,2023-03-16,11.31639
2023-03-17,8.08314,2023-03-17,10.46959
2023-03-18,6.69745,2023-03-18,10.70053
2023-03-19,6.42802,2023-03-19,13.85681
2023-03-20,8.92994,2023-03-20,13.43341
2023-03-21,9.08391,2023-03-21,10.46959
2023-03-22,8.89145,2023-03-22,11.04695
2023-03-23,7.77521,2023-03-23,11.16243
2023-03-24,8.16012,2023-03-24,10.50808
2023-03-25,6.73595,2023-03-25,9.58429
2023-03-26,6.27405,2023-03-26,9.31485
2023-03-27,7.8137,2023-03-27,11.54734
2023-03-28,7.31331,2023-03-28,11.2779
2023-03-29,7.58275,2023-03-29,10.58506
2023-03-30,9.50731,2023-03-30,9.5458
2023-03-31,7.85219,2023-03-31,9.23787
2023-04-01,6.12009,2023-04-01,8.85296
2023-04-02,7.3903,2023-04-02,10.66204
2023-04-03,7.31331,2023-04-03,10.4311
2023-04-04,7.31331,2023-04-04,12.43264
2023-04-05,8.54503,2023-04-05,12.27867
2023-04-06,6.65896,2023-04-06,11.20092
2023-04-07,7.8137,2023-04-07,9.43033
2023-04-08,5.54272,2023-04-08,9.58429
2023-04-09,5.81216,2023-04-09,9.81524
2023-04-10,9.1224,2023-04-10,11.47036
2023-04-11,10.08468,2023-04-11,11.66281
2023-04-12,8.00615,2023-04-12,9.93071
2023-04-13,9.73826,2023-04-13,10.35411
2023-04-14,8.27559,2023-04-14,9.69976
2023-04-15,6.23556,2023-04-15,7.65973
2023-04-16,7.08237,2023-04-16,9.31485
2023-04-17,8.85296,2023-04-17,11.54734
2023-04-18,9.81524,2023-04-18,10.96997
2023-04-19,8.31408,2023-04-19,11.04695
2023-04-20,8.69899,2023-04-20,10.00769
2023-04-21,9.1224,2023-04-21,7.54426
2023-04-22,6.00461,2023-04-22,9.08391
2023-04-23,6.69745,2023-04-23,9.81524
2023-04-24,7.69822,2023-04-24,9.50731
2023-04-25,7.62124,2023-04-25,9.35334
2023-04-26,7.92917,2023-04-26,8.96843
2023-04-27,6.73595,2023-04-27,9.5458
2023-04-28,7.27482,2023-04-28,8.85296
2023-04-29,5.50423,2023-04-29,9.69976
2023-04-30,5.31177,2023-04-30,9.1224
2023-05-01,6.42802,2023-05-01,10.46959
2023-05-02,7.96766,2023-05-02,11.39337
2023-05-03,7.3518,2023-05-03,10.20015
2023-05-04,7.3903,2023-05-04,8.89145
2023-05-05,6.0816,2023-05-05,10.93148
2023-05-06,6.27405,2023-05-06,11.85527
2023-05-07,6.69745,2023-05-07,14.16474
2023-05-08,8.2371,2023-05-08,11.16243
2023-05-09,8.00615,2023-05-09,11.20092
2023-05-10,7.42879,2023-05-10,11.04695
2023-05-11,7.12086,2023-05-11,10.73903
2023-05-12,9.23787,2023-05-12,9.08391
2023-05-13,6.46651,2023-05-13,9.73826
2023-05-14,5.96612,2023-05-14,9.9692
2023-05-15,7.8137,2023-05-15,11.62432
2023-05-16,7.42879,2023-05-16,11.16243
2023-05-17,7.62124,2023-05-17,10.00769
2023-05-18,8.92994,2023-05-18,10.58506
2023-05-19,6.65896,2023-05-19,11.35488
2023-05-20,5.50423,2023-05-20,11.58583
2023-05-21,6.96689,2023-05-21,9.5458
2023-05-22,8.08314,2023-05-22,11.16243
2023-05-23,8.2371,2023-05-23,8.77598
2023-05-24,8.81447,2023-05-24,10.50808
2023-05-25,8.39107,2023-05-25,8.77598
2023-05-26,7.65973,2023-05-26,8.04464
2023-05-27,6.19707,2023-05-27,7.27482
2023-05-28,6.19707,2023-05-28,8.73749
2023-05-29,6.77444,2023-05-29,10.12317
2023-05-30,7.77521,2023-05-30,11.58583
2023-05-31,8.31408,2023-05-31,8.96843
2023-06-01,7.77521,2023-06-01,9.58429
2023-06-02,7.15935,2023-06-02,9.19938
2023-06-03,5.23479,2023-06-03,8.92994
2023-06-04,5.92763,2023-06-04,9.62278
2023-06-05,7.54426,2023-06-05,9.73826
2023-06-06,6.27405,2023-06-06,8.50654
2023-06-07,7.00538,2023-06-07,9.9692
2023-06-08,7.65973,2023-06-08,9.89222
2023-06-09,7.62124,2023-06-09,9.58429
2023-06-10,6.19707,2023-06-10,8.69899
2023-06-11,6.505,2023-06-11,8.39107
2023-06-12,7.65973,2023-06-12,11.08545
2023-06-13,8.31408,2023-06-13,10.96997
2023-06-14,8.27559,2023-06-14,10.00769
2023-06-15,7.89068,2023-06-15,11.23941
2023-06-16,10.81601,2023-06-16,9.46882
2023-06-17,6.81293,2023-06-17,7.96766
2023-06-18,7.3903,2023-06-18,9.08391
2023-06-19,7.00538,2023-06-19,11.20092
2023-06-20,8.00615,2023-06-20,9.50731
2023-06-21,7.89068,2023-06-21,10.35411
2023-06-22,8.08314,2023-06-22,10.8545
2023-06-23,6.31254,2023-06-23,10.04618
2023-06-24,5.38876,2023-06-24,8.69899
2023-06-25,5.54272,2023-06-25,7.04387
2023-06-26,7.62124,2023-06-26,10.46959
2023-06-27,7.85219,2023-06-27,10.35411
2023-06-28,7.8137,2023-06-28,10.73903
2023-06-29,7.04387,2023-06-29,9.1224
2023-06-30,7.92917,2023-06-30,9.35334
2023-07-01,5.54272,2023-07-01,8.73749
2023-07-02,4.54195,2023-07-02,9.73826
2023-07-03,7.85219,2023-07-03,11.62432
2023-07-04,7.15935,2023-07-04,12.12471
2023-07-05,6.9284,2023-07-05,13.16397
2023-07-06,7.8137,2023-07-06,8.96843
2023-07-07,7.08237,2023-07-07,8.19861
2023-07-08,5.96612,2023-07-08,8.39107
2023-07-09,5.46574,2023-07-09,9.1224
2023-07-10,6.42802,2023-07-10,11.54734
2023-07-11,7.04387,2023-07-11,9.27636
2023-07-12,8.2371,2023-07-12,9.50731
2023-07-13,8.77598,2023-07-13,10.70053
2023-07-14,6.88991,2023-07-14,8.81447
2023-07-15,5.50423,2023-07-15,8.69899
2023-07-16,5.46574,2023-07-16,9.19938
2023-07-17,6.88991,2023-07-17,10.66204
2023-07-18,7.85219,2023-07-18,10.96997
2023-07-19,6.81293,2023-07-19,9.58429
2023-07-20,7.00538,2023-07-20,10.8545
2023-07-21,6.62047,2023-07-21,9.04541
2023-07-22,5.58121,2023-07-22,9.69976
2023-07-23,5.00384,2023-07-23,12.97151
2023-07-24,6.9284,2023-07-24,12.50962
2023-07-25,6.38953,2023-07-25,12.89453
2023-07-26,6.15858,2023-07-26,10.58506
2023-07-27,7.04387,2023-07-27,10.58506
2023-07-28,4.7729,2023-07-28,11.89376
2023-07-29,5.42725,2023-07-29,8.54503
2023-07-30,3.96458,2023-07-30,10.73903
2023-07-31,5.96612,2023-07-31,11.66281
2023-08-01,5.73518,2023-08-01,17.70592
2023-08-02,10.89299,2023-08-02,12.89453
2023-08-03,7.62124,2023-08-03,10.96997
2023-08-04,6.27405,2023-08-04,11.12394
2023-08-05,4.61893,2023-08-05,8.92994
2023-08-06,4.84988,2023-08-06,10.16166
2023-08-07,7.3903,2023-08-07,11.50885
2023-08-08,6.85142,2023-08-08,10.50808
2023-08-09,6.0816,2023-08-09,10.27713
2023-08-10,6.38953,2023-08-10,10.81601
2023-08-11,5.88914,2023-08-11,10.96997
2023-08-12,6.58198,2023-08-12,10.16166
2023-08-13,5.1963,2023-08-13,11.23941
2023-08-14,6.81293,2023-08-14,11.97074
2023-08-15,5.92763,2023-08-15,11.93225
2023-08-16,7.96766,2023-08-16,13.08698
2023-08-17,7.15935,2023-08-17,12.43264
2023-08-18,6.35103,2023-08-18,12.00923
2023-08-19,4.19553,2023-08-19,10.50808
2023-08-20,6.46651,2023-08-20,11.89376
2023-08-21,7.31331,2023-08-21,14.16474
2023-08-22,7.89068,2023-08-22,12.12471
2023-08-23,7.50577,2023-08-23,12.50962
2023-08-24,7.15935,2023-08-24,13.08698
2023-08-25,7.04387,2023-08-25,11.7013
2023-08-26,5.65819,2023-08-26,11.7013
2023-08-27,5.15781,2023-08-27,13.81832
2023-08-28,7.65973,2023-08-28,12.39414
2023-08-29,6.85142,2023-08-29,13.08698
2023-08-30,7.54426,2023-08-30,11.7013
2023-08-31,8.42956,2023-08-31,12.35565
2023-09-01,6.88991,2023-09-01,12.00923
2023-09-02,6.58198,2023-09-02,12.27867
2023-09-03,5.65819,2023-09-03,12.39414
2023-09-04,7.65973,2023-09-04,14.66512
2023-09-05,8.50654,2023-09-05,13.58737
2023-09-06,7.89068,2023-09-06,13.31793
2023-09-07,7.65973,2023-09-07,11.81678
2023-09-08,7.27482,2023-09-08,14.08775
2023-09-09,6.23556,2023-09-09,12.00923
2023-09-10,6.19707,2023-09-10,13.27944
2023-09-11,7.65973,2023-09-11,14.3187
2023-09-12,7.46728,2023-09-12,15.35796
2023-09-13,7.54426,2023-09-13,14.24172
2023-09-14,7.62124,2023-09-14,13.85681
2023-09-15,7.46728,2023-09-15,13.51039
2023-09-16,5.27328,2023-09-16,11.73979
2023-09-17,5.65819,2023-09-17,13.12548
2023-09-18,8.12163,2023-09-18,13.51039
2023-09-19,9.35334,2023-09-19,13.27944
2023-09-20,7.77521,2023-09-20,12.81755
2023-09-21,8.39107,2023-09-21,11.31639
2023-09-22,6.04311,2023-09-22,10.00769
2023-09-23,5.35026,2023-09-23,10.8545
2023-09-24,5.96612,2023-09-24,12.31716
2023-09-25,5.69668,2023-09-25,13.74133
2023-09-26,7.54426,2023-09-26,11.16243
2023-09-27,6.27405,2023-09-27,9.58429
2023-09-28,3.8876,2023-09-28,9.62278
2023-09-29,4.23402,2023-09-29,9.08391
2023-09-30,3.84911,2023-09-30,11.23941
2023-10-01,3.27174,2023-10-01,12.39414
2023-10-02,3.92609,2023-10-02,13.24095
2023-10-03,6.73595,2023-10-03,13.39491
2023-10-04,6.12009,2023-10-04,14.7806
2023-10-05,6.35103,2023-10-05,12.50962
2023-10-06,7.50577,2023-10-06,12.35565
2023-10-07,5.69668,2023-10-07,10.04618
2023-10-08,6.00461,2023-10-08,11.04695
2023-10-09,7.92917,2023-10-09,13.51039
2023-10-10,6.54349,2023-10-10,14.12625
2023-10-11,5.11932,2023-10-11,13.35642
2023-10-12,6.58198,2023-10-12,13.35642
2023-10-13,7.46728,2023-10-13,12.04772
2023-10-14,4.61893,2023-10-14,11.81678
2023-10-15,5.65819,2023-10-15,13.39491
2023-10-16,7.04387,2023-10-16,13.4719
2023-10-17,7.27482,2023-10-17,12.89453
2023-10-18,6.46651,2023-10-18,13.77983
2023-10-19,8.31408,2023-10-19,12.24018
2023-10-20,6.77444,2023-10-20,11.89376
2023-10-21,4.81139,2023-10-21,10.70053
2023-10-22,4.65742,2023-10-22,12.81755
2023-10-23,5.54272,2023-10-23,12.24018
2023-10-24,7.46728,2023-10-24,12.35565
2023-10-25,6.15858,2023-10-25,12.35565
2023-10-26,7.77521,2023-10-26,11.04695
2023-10-27,7.58275,2023-10-27,10.27713
2023-10-28,4.96535,2023-10-28,10.35411
2023-10-29,5.92763,2023-10-29,10.89299
2023-10-30,6.88991,2023-10-30,14.47267
2023-10-31,7.15935,2023-10-31,11.89376
2023-11-01,6.54349,2023-11-01,11.12394
2023-11-02,6.58198,2023-11-02,12.35565
2023-11-03,6.96689,2023-11-03,11.08545
2023-11-04,4.65742,2023-11-04,10.8545
2023-11-05,5.81216,2023-11-05,11.00846
2023-11-06,6.9284,2023-11-06,17.43648
2023-11-07,6.38953,2023-11-07,13.16397
2023-11-08,6.54349,2023-11-08,12.20169
2023-11-09,7.65973,2023-11-09,11.08545
2023-11-10,6.35103,2023-11-10,9.85373
2023-11-11,4.69591,2023-11-11,8.50654
2023-11-12,4.42648,2023-11-12,9.19938
2023-11-13,5.88914,2023-11-13,11.73979
2023-11-14,6.27405,2023-11-14,10.66204
2023-11-15,7.46728,2023-11-15,11.16243
2023-11-16,7.23633,2023-11-16,11.66281
2023-11-17,6.23556,2023-11-17,10.96997
2023-11-18,4.69591,2023-11-18,11.35488
2023-11-19,5.46574,2023-11-19,9.08391
2023-11-20,6.505,2023-11-20,11.31639
2023-11-21,7.27482,2023-11-21,10.81601
2023-11-22,6.81293,2023-11-22,11.35488
2023-11-23,8.31408,2023-11-23,10.93148
2023-11-24,6.505,2023-11-24,11.08545
2023-11-25,5.11932,2023-11-25,9.89222
2023-11-26,6.00461,2023-11-26,10.70053
2023-11-27,6.04311,2023-11-27,12.43264
2023-11-28,7.31331,2023-11-28,10.66204
2023-11-29,8.19861,2023-11-29,9.93071
2023-11-30,7.27482,2023-11-30,10.8545
2023-12-01,4.65742,2023-12-01,9.93071
2023-12-02,4.96535,2023-12-02,10.20015
2023-12-03,6.19707,2023-12-03,10.62355
2023-12-04,6.69745,2023-12-04,12.27867
2023-12-05,7.3903,2023-12-05,10.31562
2023-12-06,6.38953,2023-12-06,10.58506
2023-12-07,7.00538,2023-12-07,9.35334
2023-12-08,6.65896,2023-12-08,9.73826
2023-12-09,5.38876,2023-12-09,8.54503
2023-12-10,4.73441,2023-12-10,9.73826
2023-12-11,6.38953,2023-12-11,11.7013
2023-12-12,6.69745,2023-12-12,12.04772
2023-12-13,7.08237,2023-12-13,10.54657
2023-12-14,5.73518,2023-12-14,8.77598
2023-12-15,7.19784,2023-12-15,8.96843
2023-12-16,4.42648,2023-12-16,9.1224
2023-12-17,4.81139,2023-12-17,9.77675
2023-12-18,4.96535,2023-12-18,10.73903
2023-12-19,6.35103,2023-12-19,10.70053
2023-12-20,6.15858,2023-12-20,9.62278
2023-12-21,5.81216,2023-12-21,10.35411
2023-12-22,4.92686,2023-12-22,8.46805
2023-12-23,4.50346,2023-12-23,10.70053
2023-12-24,2.84834,2023-12-24,9.16089
2023-12-25,3.31023,2023-12-25,8.73749
2023-12-26,5.6197,2023-12-26,10.8545
2023-12-27,8.62201,2023-12-27,9.73826
2023-12-28,8.27559,2023-12-28,8.73749
2023-12-29,5.54272,2023-12-29,9.50731
2023-12-30,4.46497,2023-12-30,8.92994
2023-12-31,4.27251,2023-12-31,7.77521
2024-01-01,4.50346,2024-01-01,9.04541
2024-01-02,5.27328,2024-01-02,10.00769
2024-01-03,5.6197,2024-01-03,11.16243
2024-01-04,5.00384,2024-01-04,11.2779
2024-01-05,6.65896,2024-01-05,9.69976
2024-01-06,5.50423,2024-01-06,11.16243
2024-01-07,6.35103,2024-01-07,10.96997
2024-01-08,5.88914,2024-01-08,10.70053
2024-01-09,6.0816,2024-01-09,9.43033
2024-01-10,5.85065,2024-01-10,9.58429
2024-01-11,6.00461,2024-01-11,10.96997
2024-01-12,6.04311,2024-01-12,8.6605
2024-01-13,4.61893,2024-01-13,8.16012
2024-01-14,5.31177,2024-01-14,8.96843
2024-01-15,5.27328,2024-01-15,9.16089
2024-01-16,6.19707,2024-01-16,9.89222
2024-01-17,6.35103,2024-01-17,14.70361
2024-01-18,7.19784,2024-01-18,15.16551
2024-01-19,6.54349,2024-01-19,10.12317
2024-01-20,5.50423,2024-01-20,11.50885
2024-01-21,5.81216,2024-01-21,8.54503
2024-01-22,6.65896,2024-01-22,9.1224
2024-01-23,6.81293,2024-01-23,9.16089
2024-01-24,6.96689,2024-01-24,10.08468
2024-01-25,6.38953,2024-01-25,8.2371
2024-01-26,6.0816,2024-01-26,8.08314
2024-01-27,5.88914,2024-01-27,9.31485
2024-01-28,4.73441,2024-01-28,9.19938
2024-01-29,6.88991,2024-01-29,9.46882
2024-01-30,7.89068,2024-01-30,16.12779
2024-01-31,5.92763,2024-01-31,14.70361
2024-02-01,7.12086,2024-02-01,8.81447
2024-02-02,6.23556,2024-02-02,8.50654
2024-02-03,5.65819,2024-02-03,9.04541
2024-02-04,5.27328,2024-02-04,7.73672
2024-02-05,6.88991,2024-02-05,9.19938
2024-02-06,6.81293,2024-02-06,9.23787
2024-02-07,7.92917,2024-02-07,7.50577
2024-02-08,7.58275,2024-02-08,7.19784
2024-02-09,4.65742,2024-02-09,9.08391
2024-02-10,3.96458,2024-02-10,10.73903
2024-02-11,4.38799,2024-02-11,9.00692
2024-02-12,5.77367,2024-02-12,8.62201
2024-02-13,6.77444,2024-02-13,10.35411
2024-02-14,8.04464,2024-02-14,9.81524
2024-02-15,7.04387,2024-02-15,10.08468
2024-02-16,6.38953,2024-02-16,9.46882
2024-02-17,5.85065,2024-02-17,8.50654
2024-02-18,6.12009,2024-02-18,8.54503
2024-02-19,7.96766,2024-02-19,8.92994
2024-02-20,8.62201,2024-02-20,8.46805
2024-02-21,8.04464,2024-02-21,8.42956
2024-02-22,6.54349,2024-02-22,7.58275
2024-02-23,6.42802,2024-02-23,8.39107
2024-02-24,6.27405,2024-02-24,8.42956
2024-02-25,9.89222,2024-02-25,9.39183
2024-02-26,16.01231,2024-02-26,9.43033
2024-02-27,9.66127,2024-02-27,9.58429
2024-02-28,6.9284,2024-02-28,8.77598
2024-02-29,7.3903,2024-02-29,7.19784
2024-03-01,5.27328,2024-03-01,7.8137
2024-03-02,5.96612,2024-03-02,7.15935
2024-03-03,5.92763,2024-03-03,7.62124
2024-03-04,7.85219,2024-03-04,8.08314
2024-03-05,8.85296,2024-03-05,8.58352
2024-03-06,7.89068,2024-03-06,8.50654
2024-03-07,8.69899,2024-03-07,7.62124
2024-03-08,8.77598,2024-03-08,7.65973
2024-03-09,6.15858,2024-03-09,7.62124
2024-03-10,7.62124,2024-03-10,8.92994
2024-03-11,8.39107,2024-03-11,8.46805
2024-03-12,8.08314,2024-03-12,9.9692
2024-03-13,9.27636,2024-03-13,13.77983
2024-03-14,9.73826,2024-03-14,11.54734
2024-03-15,6.77444,2024-03-15,8.96843
2024-03-16,5.6197,2024-03-16,8.16012
2024-03-17,7.04387,2024-03-17,8.62201
2024-03-18,7.92917,2024-03-18,8.42956
2024-03-19,8.62201,2024-03-19,9.23787
2024-03-20,7.92917,2024-03-20,9.00692
2024-03-21,7.96766,2024-03-21,7.04387
2024-03-22,7.08237,2024-03-22,7.31331
2024-03-23,5.92763,2024-03-23,8.04464
2024-03-24,6.96689,2024-03-24,7.89068
2024-03-25,8.54503,2024-03-25,8.69899
2024-03-26,9.1224,2024-03-26,8.77598
2024-03-27,8.92994,2024-03-27,8.6605
2024-03-28,7.58275,2024-03-28,13.58737
2024-03-29,7.73672,2024-03-29,13.74133
2024-03-30,7.04387,2024-03-30,11.20092
2024-03-31,6.505,2024-03-31,9.39183
2024-04-01,7.54426,2024-04-01,8.04464
2024-04-02,7.62124,2024-04-02,9.58429
2024-04-03,8.19861,2024-04-03,9.35334
2024-04-04,7.23633,2024-04-04,8.73749
2024-04-05,6.38953,2024-04-05,8.46805
2024-04-06,5.54272,2024-04-06,8.54503
2024-04-07,5.35026,2024-04-07,6.73595
2024-04-08,7.23633,2024-04-08,9.69976
2024-04-09,7.96766,2024-04-09,6.85142
2024-04-10,6.15858,2024-04-10,7.46728
2024-04-11,6.46651,2024-04-11,8.85296
2024-04-12,7.62124,2024-04-12,8.39107
2024-04-13,6.04311,2024-04-13,6.88991
2024-04-14,6.35103,2024-04-14,8.6605
2024-04-15,8.89145,2024-04-15,10.93148
2024-04-16,8.54503,2024-04-16,10.54657
2024-04-17,8.85296,2024-04-17,8.85296
2024-04-18,8.04464,2024-04-18,9.27636
2024-04-19,8.16012,2024-04-19,8.92994
2024-04-20,6.85142,2024-04-20,9.9692
2024-04-21,8.00615,2024-04-21,8.50654
2024-04-22,8.85296,2024-04-22,11.08545
2024-04-23,7.8137,2024-04-23,8.50654
2024-04-24,9.89222,2024-04-24,7.00538
2024-04-25,7.58275,2024-04-25,8.27559
2024-04-26,7.92917,2024-04-26,7.58275
2024-04-27,5.77367,2024-04-27,7.65973
2024-04-28,6.42802,2024-04-28,8.00615
2024-04-29,7.31331,2024-04-29,9.62278
2024-04-30,8.19861,2024-04-30,10.27713
2024-05-01,6.54349,2024-05-01,8.27559
2024-05-02,8.2371,2024-05-02,8.35257
2024-05-03,7.62124,2024-05-03,7.04387
2024-05-04,5.6197,2024-05-04,7.8137
2024-05-05,6.35103,2024-05-05,7.92917
2024-05-06,6.31254,2024-05-06,8.42956
2024-05-07,7.3518,2024-05-07,9.73826
2024-05-08,7.3903,2024-05-08,8.85296
2024-05-09,9.1224,2024-05-09,8.42956
2024-05-10,7.46728,2024-05-10,7.65973
2024-05-11,6.23556,2024-05-11,8.42956
2024-05-12,6.69745,2024-05-12,9.08391
2024-05-13,9.35334,2024-05-13,9.43033
2024-05-14,8.69899,2024-05-14,10.58506
2024-05-15,6.58198,2024-05-15,11.04695
2024-05-16,7.92917,2024-05-16,10.27713
2024-05-17,8.2371,2024-05-17,9.08391
2024-05-18,5.73518,2024-05-18,8.42956
2024-05-19,5.38876,2024-05-19,9.16089
2024-05-20,9.27636,2024-05-20,9.58429
2024-05-21,7.46728,2024-05-21,9.00692
2024-05-22,8.35257,2024-05-22,10.31562
2024-05-23,7.92917,2024-05-23,9.46882
2024-05-24,6.85142,2024-05-24,8.58352
2024-05-25,5.92763,2024-05-25,8.04464
2024-05-26,6.505,2024-05-26,8.42956
2024-05-27,9.1224,2024-05-27,9.9692
2024-05-28,8.58352,2024-05-28,10.46959
2024-05-29,8.42956,2024-05-29,7.77521
2024-05-30,9.50731,2024-05-30,8.2371
2024-05-31,8.54503,2024-05-31,8.92994
2024-06-01,5.35026,2024-06-01,9.08391
2024-06-02,5.92763,2024-06-02,8.42956
2024-06-03,8.19861,2024-06-03,8.42956
2024-06-04,6.38953,2024-06-04,9.04541
2024-06-05,7.19784,2024-06-05,6.58198
2024-06-06,6.19707,2024-06-06,7.46728
2024-06-07,6.73595,2024-06-07,8.6605
2024-06-08,6.23556,2024-06-08,8.2371
2024-06-09,6.23556,2024-06-09,7.8137
2024-06-10,8.19861,2024-06-10,10.08468
2024-06-11,8.19861,2024-06-11,8.35257
2024-06-12,8.35257,2024-06-12,9.39183
2024-06-13,8.00615,2024-06-13,8.6605
2024-06-14,8.00615,2024-06-14,8.39107
2024-06-15,6.38953,2024-06-15,7.50577
2024-06-16,6.54349,2024-06-16,9.04541
2024-06-17,8.35257,2024-06-17,9.81524
2024-06-18,7.89068,2024-06-18,10.04618
2024-06-19,7.08237,2024-06-19,9.89222
2024-06-20,8.00615,2024-06-20,9.00692
2024-06-21,6.85142,2024-06-21,8.08314
2024-06-22,5.27328,2024-06-22,9.5458
2024-06-23,4.65742,2024-06-23,10.73903
2024-06-24,8.69899,2024-06-24,12.5866
2024-06-25,8.81447,2024-06-25,9.19938
2024-06-26,11.12394,2024-06-26,9.27636
2024-06-27,8.58352,2024-06-27,11.35488
2024-06-28,8.6605,2024-06-28,8.58352
2024-06-29,5.6197,2024-06-29,7.31331
2024-06-30,4.96535,2024-06-30,10.62355
2024-07-01,7.65973,2024-07-01,11.16243
2024-07-02,6.38953,2024-07-02,11.89376
2024-07-03,9.46882,2024-07-03,11.54734
2024-07-04,8.42956,2024-07-04,9.43033
2024-07-05,7.15935,2024-07-05,8.81447
2024-07-06,5.81216,2024-07-06,9.04541
2024-07-07,6.62047,2024-07-07,9.19938
2024-07-08,7.08237,2024-07-08,10.77752
2024-07-09,6.85142,2024-07-09,10.4311
2024-07-10,7.85219,2024-07-10,9.81524
2024-07-11,7.3903,2024-07-11,9.39183
2024-07-12,7.73672,2024-07-12,9.58429
2024-07-13,7.31331,2024-07-13,9.77675
2024-07-14,5.85065,2024-07-14,11.20092
2024-07-15,6.505,2024-07-15,10.20015
2024-07-16,8.2371,2024-07-16,10.4311
2024-07-17,7.65973,2024-07-17,10.81601
2024-07-18,7.73672,2024-07-18,9.16089
2024-07-19,6.42802,2024-07-19,8.2371
2024-07-20,5.46574,2024-07-20,9.50731
2024-07-21,5.23479,2024-07-21,10.46959
2024-07-22,6.85142,2024-07-22,11.66281
2024-07-23,7.46728,2024-07-23,10.20015
2024-07-24,6.73595,2024-07-24,9.85373
2024-07-25,7.58275,2024-07-25,9.9692
2024-07-26,6.65896,2024-07-26,8.69899
2024-07-27,5.77367,2024-07-27,9.08391
2024-07-28,5.50423,2024-07-28,12.35565
2024-07-29,5.00384,2024-07-29,11.04695
2024-07-30,6.27405,2024-07-30,13.12548
2024-07-31,5.27328,2024-07-31,9.9692
2024-08-01,5.35026,2024-08-01,10.77752
2024-08-02,5.58121,2024-08-02,11.93225
2024-08-03,4.54195,2024-08-03,10.58506
2024-08-04,5.04234,2024-08-04,8.85296
2024-08-05,6.46651,2024-08-05,9.62278
2024-08-06,6.85142,2024-08-06,8.16012
2024-08-07,6.31254,2024-08-07,10.58506
2024-08-08,5.81216,2024-08-08,10.27713
2024-08-09,7.23633,2024-08-09,10.00769
2024-08-10,5.50423,2024-08-10,9.35334
2024-08-11,5.00384,2024-08-11,10.3926
2024-08-12,6.42802,2024-08-12,11.43187
2024-08-13,6.73595,2024-08-13,12.47113
2024-08-14,7.12086,2024-08-14,9.23787
2024-08-15,6.15858,2024-08-15,9.5458
2024-08-16,7.31331,2024-08-16,12.04772
2024-08-17,5.6197,2024-08-17,9.9692
2024-08-18,5.85065,2024-08-18,10.8545
2024-08-19,7.08237,2024-08-19,11.7013
2024-08-20,10.73903,2024-08-20,11.47036
2024-08-21,8.50654,2024-08-21,11.54734
2024-08-22,8.85296,2024-08-22,10.96997
2024-08-23,7.42879,2024-08-23,10.8545
2024-08-24,6.38953,2024-08-24,10.93148
2024-08-25,5.73518,2024-08-25,9.77675
2024-08-26,8.46805,2024-08-26,12.31716
2024-08-27,7.69822,2024-08-27,11.7013
2024-08-28,8.31408,2024-08-28,12.00923
2024-08-29,7.50577,2024-08-29,10.27713
2024-08-30,7.3518,2024-08-30,12.39414
2024-08-31,7.08237,2024-08-31,12.39414
2024-09-01,5.96612,2024-09-01,16.32024
2024-09-02,9.5458,2024-09-02,14.58814
2024-09-03,9.27636,2024-09-03,13.31793
2024-09-04,9.81524,2024-09-04,11.50885
2024-09-05,8.2371,2024-09-05,10.23864
2024-09-06,7.50577,2024-09-06,9.58429
2024-09-07,5.96612,2024-09-07,10.16166
2024-09-08,6.00461,2024-09-08,11.7013
2024-09-09,8.19861,2024-09-09,10.54657
2024-09-10,7.3903,2024-09-10,11.81678
2024-09-11,8.00615,2024-09-11,9.50731
2024-09-12,7.69822,2024-09-12,9.9692
2024-09-13,6.54349,2024-09-13,8.96843
2024-09-14,4.19553,2024-09-14,9.50731
2024-09-15,4.58044,2024-09-15,10.23864
2024-09-16,4.46497,2024-09-16,8.73749
2024-09-17,4.38799,2024-09-17,9.50731
2024-09-18,6.35103,2024-09-18,11.62432
2024-09-19,8.19861,2024-09-19,13.74133
2024-09-20,7.50577,2024-09-20,10.08468
2024-09-21,6.27405,2024-09-21,11.97074
2024-09-22,6.9284,2024-09-22,11.85527
2024-09-23,7.46728,2024-09-23,13.4719
2024-09-24,8.46805,2024-09-24,12.24018
2024-09-25,7.92917,2024-09-25,12.08622
2024-09-26,8.19861,2024-09-26,10.62355
2024-09-27,8.62201,2024-09-27,11.66281
2024-09-28,6.00461,2024-09-28,11.47036
2024-09-29,6.62047,2024-09-29,11.47036
2024-09-30,6.58198,2024-09-30,10.3926
2024-10-01,6.00461,2024-10-01,11.62432
2024-10-02,6.46651,2024-10-02,12.97151
2024-10-03,6.15858,2024-10-03,12.70207
2024-10-04,6.38953,2024-10-04,12.50962
2024-10-05,4.92686,2024-10-05,10.46959
2024-10-06,5.54272,2024-10-06,12.24018
2024-10-07,7.96766,2024-10-07,11.35488
2024-10-08,7.15935,2024-10-08,11.89376
2024-10-09,6.62047,2024-10-09,12.47113
2024-10-10,7.19784,2024-10-10,14.20323
2024-10-11,6.46651,2024-10-11,11.62432
2024-10-12,5.46574,2024-10-12,10.20015
2024-10-13,5.15781,2024-10-13,10.3926
2024-10-14,6.77444,2024-10-14,10.35411
2024-10-15,7.04387,2024-10-15,10.81601
2024-10-16,8.2371,2024-10-16,12.24018
2024-10-17,7.15935,2024-10-17,12.35565
2024-10-18,6.505,2024-10-18,10.96997
2024-10-19,5.88914,2024-10-19,10.46959
2024-10-20,4.23402,2024-10-20,11.7013
2024-10-21,7.58275,2024-10-21,12.20169
2024-10-22,7.12086,2024-10-22,12.04772
2024-10-23,8.69899,2024-10-23,13.51039
2024-10-24,5.50423,2024-10-24,12.27867
2024-10-25,7.31331,2024-10-25,11.7013
2024-10-26,6.19707,2024-10-26,10.23864
2024-10-27,5.54272,2024-10-27,10.73903
2024-10-28,7.58275,2024-10-28,11.97074
2024-10-29,8.04464,2024-10-29,12.24018
2024-10-30,7.69822,2024-10-30,11.00846
2024-10-31,6.77444,2024-10-31,10.58506
2024-11-01,6.0816,2024-11-01,9.81524
2024-11-02,5.1963,2024-11-02,9.81524
2024-11-03,4.61893,2024-11-03,13.20246
2024-11-04,7.12086,2024-11-04,13.4719
2024-11-05,6.15858,2024-11-05,11.89376
2024-11-06,6.38953,2024-11-06,10.81601
2024-11-07,7.04387,2024-11-07,10.8545
2024-11-08,5.81216,2024-11-08,9.46882
2024-11-09,4.61893,2024-11-09,9.5458
2024-11-10,5.6197,2024-11-10,9.93071
2024-11-11,7.04387,2024-11-11,11.66281
2024-11-12,7.31331,2024-11-12,10.12317
2024-11-13,7.3903,2024-11-13,11.50885
2024-11-14,6.00461,2024-11-14,11.97074
2024-11-15,6.9284,2024-11-15,10.62355
2024-11-16,5.69668,2024-11-16,10.62355
2024-11-17,6.27405,2024-11-17,11.20092
2024-11-18,5.88914,2024-11-18,13.01
2024-11-19,7.3518,2024-11-19,10.08468
2024-11-20,5.81216,2024-11-20,11.12394
2024-11-21,6.96689,2024-11-21,9.50731
2024-11-22,6.23556,2024-11-22,9.85373
2024-11-23,3.8876,2024-11-23,9.31485
2024-11-24,6.19707,2024-11-24,10.54657
2024-11-25,5.50423,2024-11-25,10.58506
2024-11-26,6.81293,2024-11-26,10.50808
2024-11-27,5.54272,2024-11-27,9.5458
2024-11-28,6.69745,2024-11-28,11.54734
2024-11-29,5.15781,2024-11-29,9.5458
2024-11-30,5.11932,2024-11-30,8.39107
2024-12-01,5.00384,2024-12-01,11.00846
2024-12-02,6.35103,2024-12-02,11.97074
2024-12-03,7.73672,2024-12-03,11.31639
2024-12-04,6.35103,2024-12-04,9.1224
2024-12-05,5.81216,2024-12-05,10.35411
2024-12-06,5.46574,2024-12-06,8.6605
2024-12-07,4.96535,2024-12-07,8.73749
2024-12-08,5.00384,2024-12-08,9.50731
2024-12-09,7.92917,2024-12-09,10.31562
2024-12-10,5.65819,2024-12-10,9.27636
2024-12-11,6.9284,2024-12-11,10.50808
2024-12-12,7.23633,2024-12-12,9.77675
2024-12-13,5.1963,2024-12-13,8.96843
2024-12-14,4.46497,2024-12-14,10.4311
2024-12-15,5.73518,2024-12-15,10.50808
2024-12-16,6.65896,2024-12-16,12.39414
2024-12-17,6.42802,2024-12-17,10.89299
2024-12-18,5.46574,2024-12-18,10.96997
2024-12-19,5.88914,2024-12-19,9.04541
2024-12-20,5.96612,2024-12-20,9.39183
2024-12-21,4.15704,2024-12-21,9.81524
2024-12-22,4.27251,2024-12-22,10.66204
2024-12-23,5.73518,2024-12-23,10.35411
2024-12-24,5.58121,2024-12-24,9.16089
2024-12-25,4.54195,2024-12-25,8.73749
2024-12-26,4.19553,2024-12-26,9.1224
2024-12-27,4.81139,2024-12-27,9.81524
2024-12-28,4.61893,2024-12-28,9.9692
2024-12-29,4.46497,2024-12-29,7.89068
2024-12-30,4.27251,2024-12-30,9.5458
2024-12-31,4.69591,2024-12-31,9.5458
2025-01-01,4.96535,2025-01-01,8.77598
2025-01-02,4.96535,2025-01-02,10.08468
2025-01-03,5.6197,2025-01-03,9.1224
2025-01-04,4.19553,2025-01-04,10.31562
2025-01-05,4.96535,2025-01-05,9.77675
2025-01-06,4.88837,2025-01-06,9.77675
2025-01-07,5.54272,2025-01-07,9.85373
2025-01-08,6.23556,2025-01-08,9.85373
2025-01-09,5.11932,2025-01-09,9.93071
2025-01-10,4.58044,2025-01-10,7.96766
2025-01-11,3.73364,2025-01-11,7.77521
2025-01-12,4.92686,2025-01-12,11.00846
2025-01-13,4.88837,2025-01-13,10.62355
2025-01-14,6.31254,2025-01-14,11.20092
2025-01-15,5.69668,2025-01-15,8.92994
2025-01-16,6.77444,2025-01-16,9.43033
2025-01-17,5.69668,2025-01-17,9.00692
2025-01-18,4.08006,2025-01-18,8.42956
2025-01-19,4.46497,2025-01-19,8.39107
2025-01-20,6.38953,2025-01-20,9.23787
2025-01-21,5.00384,2025-01-21,9.23787
2025-01-22,6.58198,2025-01-22,9.08391
2025-01-23,6.54349,2025-01-23,8.54503
2025-01-24,5.00384,2025-01-24,7.15935
2025-01-25,4.84988,2025-01-25,7.69822
2025-01-26,5.11932,2025-01-26,7.12086
2025-01-27,5.15781,2025-01-27,7.73672
2025-01-28,4.27251,2025-01-28,7.31331
2025-01-29,3.4642,2025-01-29,7.00538
2025-01-30,4.15704,2025-01-30,9.43033
2025-01-31,4.34949,2025-01-31,10.89299
2025-02-01,5.1963,2025-02-01,11.20092
2025-02-02,5.85065,2025-02-02,8.89145
2025-02-03,5.35026,2025-02-03,9.08391
2025-02-04,5.38876,2025-02-04,8.50654
2025-02-05,5.11932,2025-02-05,8.58352
2025-02-06,5.73518,2025-02-06,9.62278
2025-02-07,4.69591,2025-02-07,9.46882
2025-02-08,4.38799,2025-02-08,8.85296
2025-02-09,3.92609,2025-02-09,8.54503
2025-02-10,5.31177,2025-02-10,10.96997
2025-02-11,5.50423,2025-02-11,8.96843
2025-02-12,7.3518,2025-02-12,8.31408
2025-02-13,7.08237,2025-02-13,7.73672
2025-02-14,6.77444,2025-02-14,7.89068
2025-02-15,4.88837,2025-02-15,8.35257
2025-02-16,4.73441,2025-02-16,10.54657
2025-02-17,6.9284,2025-02-17,10.89299
2025-02-18,6.69745,2025-02-18,9.46882
2025-02-19,6.96689,2025-02-19,7.96766
2025-02-20,9.39183,2025-02-20,8.50654
2025-02-21,6.31254,2025-02-21,7.62124
2025-02-22,5.11932,2025-02-22,8.50654
2025-02-23,5.77367,2025-02-23,8.92994
2025-02-24,6.38953,2025-02-24,9.81524
2025-02-25,6.96689,2025-02-25,9.04541
2025-02-26,7.31331,2025-02-26,8.6605
2025-02-27,6.77444,2025-02-27,9.1224
2025-02-28,6.31254,2025-02-28,9.23787
2025-03-01,4.19553,2025-03-01,8.16012
2025-03-02,4.58044,2025-03-02,6.69745
2025-03-03,6.505,2025-03-03,9.19938
2025-03-04,7.77521,2025-03-04,8.27559
2025-03-05,7.92917,2025-03-05,9.23787
2025-03-06,8.39107,2025-03-06,8.58352
2025-03-07,6.77444,2025-03-07,7.8137
2025-03-08,5.81216,2025-03-08,7.96766
2025-03-09,7.00538,2025-03-09,6.35103
2025-03-10,7.54426,2025-03-10,9.27636
2025-03-11,7.23633,2025-03-11,8.62201
2025-03-12,8.35257,2025-03-12,8.50654
2025-03-13,7.77521,2025-03-13,7.89068
2025-03-14,7.04387,2025-03-14,7.96766
2025-03-15,5.46574,2025-03-15,7.23633
2025-03-16,6.58198,2025-03-16,7.65973
2025-03-17,6.46651,2025-03-17,7.85219
2025-03-18,7.65973,2025-03-18,9.69976
2025-03-19,7.50577,2025-03-19,10.00769
2025-03-20,7.85219,2025-03-20,9.23787
2025-03-21,6.77444,2025-03-21,7.65973
2025-03-22,5.46574,2025-03-22,9.1224
2025-03-23,4.61893,2025-03-23,8.50654
2025-03-24,6.65896,2025-03-24,9.81524
2025-03-25,7.62124,2025-03-25,8.58352
2025-03-26,7.73672,2025-03-26,8.35257
2025-03-27,7.8137,2025-03-27,7.50577
2025-03-28,7.12086,2025-03-28,8.85296
2025-03-29,5.08083,2025-03-29,6.85142
2025-03-30,5.46574,2025-03-30,7.65973
2025-03-31,6.19707,2025-03-31,7.3903
2025-04-01,6.27405,2025-04-01,9.43033
2025-04-02,5.96612,2025-04-02,10.23864
2025-04-03,5.54272,2025-04-03,9.04541
2025-04-04,5.08083,2025-04-04,7.00538
2025-04-05,5.15781,2025-04-05,6.88991
2025-04-06,4.92686,2025-04-06,6.65896
2025-04-07,6.00461,2025-04-07,9.00692
2025-04-08,7.08237,2025-04-08,6.69745
2025-04-09,6.46651,2025-04-09,8.04464
2025-04-10,6.77444,2025-04-10,7.23633
2025-04-11,6.77444,2025-04-11,8.31408
2025-04-12,5.31177,2025-04-12,7.58275
2025-04-13,4.69591,2025-04-13,8.19861
2025-04-14,5.50423,2025-04-14,10.96997
2025-04-15,6.88991,2025-04-15,10.16166
2025-04-16,6.81293,2025-04-16,8.19861
2025-04-17,6.58198,2025-04-17,7.3903
2025-04-18,6.23556,2025-04-18,8.31408
2025-04-19,5.81216,2025-04-19,8.19861
2025-04-20,5.08083,2025-04-20,6.9284
2025-04-21,6.88991,2025-04-21,8.92994
2025-04-22,7.08237,2025-04-22,7.58275
2025-04-23,6.69745,2025-04-23,7.62124
2025-04-24,6.42802,2025-04-24,6.88991
2025-04-25,6.69745,2025-04-25,7.77521
2025-04-26,6.73595,2025-04-26,7.46728
2025-04-27,5.1963,2025-04-27,7.8137
2025-04-28,6.65896,2025-04-28,8.19861
2025-04-29,6.35103,2025-04-29,7.19784
2025-04-30,6.38953,2025-04-30,5.77367
2025-05-01,5.73518,2025-05-01,6.73595
2025-05-02,5.92763,2025-05-02,9.04541
2025-05-03,4.92686,2025-05-03,8.08314
2025-05-04,3.73364,2025-05-04,8.19861
2025-05-05,3.81062,2025-05-05,9.35334
2025-05-06,5.38876,2025-05-06,9.50731
2025-05-07,7.85219,2025-05-07,8.89145
2025-05-08,5.85065,2025-05-08,7.19784
2025-05-09,6.31254,2025-05-09,9.73826
2025-05-10,5.73518,2025-05-10,7.58275
2025-05-11,5.58121,2025-05-11,8.08314
2025-05-12,7.23633,2025-05-12,9.16089
2025-05-13,7.65973,2025-05-13,9.50731
2025-05-14,7.50577,2025-05-14,8.69899
2025-05-15,6.73595,2025-05-15,9.08391
2025-05-16,7.15935,2025-05-16,7.69822
2025-05-17,5.88914,2025-05-17,6.73595
2025-05-18,5.04234,2025-05-18,7.85219
2025-05-19,6.77444,2025-05-19,7.73672
2025-05-20,10.35411,2025-05-20,9.31485
2025-05-21,9.66127,2025-05-21,7.77521
2025-05-22,8.19861,2025-05-22,19.74595
2025-05-23,6.00461,2025-05-23,18.78367
2025-05-24,4.88837,2025-05-24,10.73903
2025-05-25,5.88914,2025-05-25,10.20015
2025-05-26,7.23633,2025-05-26,13.85681
2025-05-27,7.00538,2025-05-27,11.62432
2025-05-28,6.81293,2025-05-28,13.24095
2025-05-29,6.81293,2025-05-29,9.77675
2025-05-30,6.42802,2025-05-30,7.96766
2025-05-31,4.73441,2025-05-31,6.0816
2025-06-01,5.96612,2025-06-01,7.73672
2025-06-02,6.54349,2025-06-02,8.08314
2025-06-03,5.08083,2025-06-03,8.54503
2025-06-04,6.12009,2025-06-04,8.2371
2025-06-05,7.23633,2025-06-05,9.23787
2025-06-06,5.04234,2025-06-06,7.92917
2025-06-07,4.38799,2025-06-07,8.19861
2025-06-08,5.38876,2025-06-08,7.3518
2025-06-09,6.27405,2025-06-09,9.39183
2025-06-10,6.35103,2025-06-10,8.46805
2025-06-11,6.88991,2025-06-11,10.16166
2025-06-12,7.46728,2025-06-12,9.9692
2025-06-13,7.31331,2025-06-13,8.69899
2025-06-14,6.00461,2025-06-14,8.19861
2025-06-15,4.58044,2025-06-15,8.04464
2025-06-16,7.04387,2025-06-16,9.73826
2025-06-17,6.85142,2025-06-17,8.35257
2025-06-18,7.77521,2025-06-18,9.69976
2025-06-19,6.88991,2025-06-19,8.27559
2025-06-20,5.77367,2025-06-20,7.42879
2025-06-21,6.35103,2025-06-21,8.00615
2025-06-22,5.73518,2025-06-22,7.54426
2025-06-23,6.62047,2025-06-23,8.31408
2025-06-24,7.62124,2025-06-24,7.8137
2025-06-25,6.42802,2025-06-25,7.3903
2025-06-26,6.65896,2025-06-26,7.69822
2025-06-27,6.27405,2025-06-27,7.31331
2025-06-28,5.31177,2025-06-28,9.04541
2025-06-29,4.7729,2025-06-29,7.12086
2025-06-30,5.96612,2025-06-30,10.58506
2025-07-01,8.00615,2025-07-01,9.35334
2025-07-02,6.96689,2025-07-02,8.81447
2025-07-03,5.88914,2025-07-03,7.46728
2025-07-04,7.19784,2025-07-04,7.42879
2025-07-05,4.73441,2025-07-05,6.85142
2025-07-06,5.00384,2025-07-06,6.9284
2025-07-07,7.04387,2025-07-07,8.77598
2025-07-08,5.35026,2025-07-08,10.62355
2025-07-09,6.31254,2025-07-09,7.77521
2025-07-10,6.00461,2025-07-10,7.27482
2025-07-11,6.23556,2025-07-11,6.88991
2025-07-12,4.19553,2025-07-12,7.23633
2025-07-13,4.96535,2025-07-13,7.42879
2025-07-14,7.00538,2025-07-14,7.96766
